Name,Likes,Views,Comments
Agust D,14789093,440680241,1368508
Yubin,53417,1184355,2722
OnlyOneOf,84201,7565503,3991
Ryu Sujeong,43261,2663252,3501
Crush,663312,18036625,31992
NCT 127,1829799,45583326,459923
SECRET NUMBER,1635944,47321304,454874
N.Flying,29908,467323,1632
TXT,3612580,74642617,593364
UNVS,5084,162077,487
Busters,26638,446546,2728
BOL4,115579,4649080,4005
BVNDIT,126733,1489017,6029
"Baek Z Young, Ong Seongwu",60672,878230,2779
NU'EST,458554,25189240,46009
DAY6,1065263,19108677,79066
Moon Jongup,26357,282386,2132
Natty,389548,8733787,18467
BOL4,681905,12334364,50434
IU,5869520,176778372,292937
2Z,17496,145031,1704
ASTRO,1230252,31944640,117973
Taeyeon,722740,11775350,36673
NCT DREAM,2562324,83266730,436664
Bibi,494051,17713048,8801
Minseo,28751,699507,891
GWSN,199914,26625263,12981
Oh My Girl,1185149,92595591,58862
Chungha,908592,27117561,27994
Noir,114097,1245440,6564
Ben,13108,190781,1120
Solar,1088444,24187396,51111
ZICO X Kang Daniel,249409,12348898,8924
APRIL,247998,8328849,27239
H&D,70231,790054,5574
H&D,105576,1485963,11738
GOT7,2509739,93625053,605266
BVNDIT,21603,331571,763
Zelo,18516,195240,1185
MONSTA X,724250,16261012,34322
CRAVITY,640428,15772345,61649
Apink,743292,42445381,71173
Girlkind,12925,260032,1000
KEEMBO,5324,57090,326
WINNER,496145,25913569,35570
MCND,425579,14759381,36651
DALsooobin,4456,160113,537
UNVS,9394,110589,443
Stella Jang,524288,18397406,9963
(G)I-DLE,3325120,210684994,210428
MAX Changmin,332781,6538219,17266
cignature,152415,3089885,7158
Hong Jinyoung,68491,3045176,3485
CIX,152794,5820321,9175
TOO,163404,2131415,6565
MONSTA X,120965,1881826,12429
SUHO (EXO),1242467,14450603,406306
WINNER,851176,18625538,50596
Kang Daniel,362043,8263678,23867
Oneus,366413,8987073,26585
Seventeen,909255,47212448,63663
Kisum,10342,215114,551
Daydream,2604,38450,292
Hong Eunki,15509,161326,595
Eyedi,8784,159080,597
AB6IX,115854,5242462,6049
DONGKIZ,86014,1342893,6358
Dreamcatcher,219789,5935406,9612
Favorite,42671,760210,1775
Stray Kids,142407,2066402,3936
ITZY,6530086,526939737,337219
VICTON,325142,18982194,23007
BTS,12941840,494182632,1205581
NCT 127,4079972,179950988,439984
VIINI,159584,2350800,7807
Dreamcatcher,108507,2867009,5728
CRAXY,121272,3433720,21119
FTISLAND,15127,447549,782
Chungha,122480,2216782,2529
BTS,12673242,329236236,2734734
Lim Kim,31041,723936,2162
SF9,31857,1001823,1349
MCND,932805,30072973,56843
ELRIS,69408,2218083,4327
AleXa,140252,3310863,5572
UNVS,25431,287362,1026
BTS,14403840,583254676,1780113
ELRIS,22090,845415,1252
3YE,165249,9508317,7237
Weki Meki,250454,6792783,9540
AB6IX,73852,3235343,2589
Dreamcatcher,1015341,48882646,67553
HighSchool,5109,46529,821
IZ*One,1412146,110817612,129060
AB6IX,133351,4243480,6518
Sumin+Zion.T,20318,501188,580
BLACK6IX,5140,35004,566
KARD,791131,21796537,41163
Pentagon,542452,26735120,46409
Cherry Bullet,229735,15373710,9815
Rocket Punch,138567,8931560,9597
Sunmi,289111,7304166,5088
iKON,1637410,40591874,184737
BVNDIT,55723,826747,1498
Loona,697502,34403524,68010
SAAY,10419,128857,476
Mamamoo,300688,17662387,7118
cignature,226606,4437237,10116
DKB,159796,2353822,8243
Everglow,4222521,287034790,252003
GFRIEND,945469,28286343,125599
Dreamcatcher,299759,9603095,11039
Kim Jaehwan,49475,1118222,1777
Yezi,9503,180817,446
ATEEZ,67306,1192094,2062
Golden Child,173229,11480798,14331
Siyeon (Dreamcatcher),67242,1319757,3087
SECHSKIES,106688,9178188,9355
Super Junior,946402,22733679,100395
Nature,10302,452862,597
"Dynamic Duo, Chen (EXO)",92031,624267,9985
Super Junior,161841,2454751,7960
Gavy NJ,3812,697437,287
"Paul Kim, Chungha",67339,1672952,1516
Kiara,15718,166084,919
OnlyOneOf,6244,34322,390
BTS,3719241,44289348,234718
CRAXY,17569,203580,2454
TVXQ!,17903,1021942,1183
Taeyeon,334659,6637148,12873
TXT,1099539,22734174,36012
2Z,13853,133940,698
Hara,25368,541232,2393
ENOi,45638,1152393,2186
ANS,172280,5464122,13457
Ong Seung Wu,212471,3361991,7887
Amber Liu,71635,831669,3117
DreamNote,62179,1314525,4191
Verivery,245875,16689044,12676
Red Velvet,5891,53952,235
B.O.Y,50229,363624,5413
Dustin,13159,227058,1263
Younha,52185,1783478,2445
ATEEZ,1435828,87873762,155371
SF9,573323,46295608,102394
M.O.N.T,61644,524548,3073
MCND,297950,4326378,14917
TST,50462,661484,2744
DONGKIZ,8482,114341,701
Momoland,710146,60135698,101813
Jiyeon,476470,10489534,49710
Red Velvet,6384210,380485839,631151
Oneus,70307,1137971,3541
Woojoo jjokkomi,193339,3476517,12257
Kim Jaehwan,68551,1053292,1787
BoA,60674,1012945,1921
Stray Kids,1466613,48123442,114931
JBJ95,19780,273886,875
Park Jihoon,264483,3705122,13080
U-Kwon (Block B),24161,238452,1370
Hi Cutie,970,26544,146
J.Y. Park,709591,31149982,38600
Limitless,14030,188475,781
Newkidd,130160,1169139,7658
EXO,4746508,166302774,1705279
AOA,296135,13744332,18074
Kang Daniel,263635,6506807,17486
ASTRO,1148857,33640400,84972
CIX,288565,8457064,14354
WJSN,268869,14126748,25296
Golden Child,308204,9629210,22150
IU,2293454,169585268,47682
Mamamoo,5222337,403028440,182965
IN2IT,63121,868935,4878
Stray Kids,1182424,23437831,55930
Nature,20896,9412136,1349
Seven O'Clock,22764,275507,1322
ATEEZ,245282,6456800,10362
The Boyz,96370,2804329,2751
1TEAM,77708,3413021,2901
BVNDIT,101867,6618312,3174
Dawn,633966,7342131,23222
Hyuna,1280395,27172563,39012
DONGKIZ,22968,240076,1626
B.I.G,88011,914794,89706
GOT7,2476576,133696940,515743
VICTON,54906,754145,3189
Hinapia,156456,3779016,8008
Nam Woohyun,17856,305642,2837
San (Hotshot),1034,17525,138
OnlyOneOf,161662,12754099,4784
Jessi,577849,16980999,21118
N.Flying,17930,431000,641
Zico,62952,1256281,1966
We In The Zone,4060,48214,355
GFRIEND,393980,13602779,24067
Yubin,48503,788441,2216
Hoody,160750,7487093,4251
A.C.E,598044,20160861,43087
Taeyeon,858604,41936076,35495
MONSTA X,1003018,47898841,82959
Brown Eyed Girls,15787,425782,683
Brown Eyed Girls,55250,1570997,2688
WeGirls,2009,45525,253
Sunny Hill,11891,420172,1052
M.O.N.T,14014,150881,829
Onewe,1944,27751,125
Ariaz,30048,616161,3058
TVXQ!,25681,1526996,1527
Winner,592036,13527226,29008
DAY6,720797,17397300,27179
MONSTA X,453422,6432894,29358
Youngjae,24945,223907,1854
Takeuchi Miyu,21325,757161,2732
CIX,230643,7971025,9948
NU'EST,299667,13494746,18205
VAV,285549,17283745,17663
TXT,3883174,121663039,257749
AleXa,911630,27095136,29999
Zelo,11772,108521,832
BTS,7153048,221139517,318987
Super Junior,769944,38525387,74133
1the9,100827,1381153,5067
Twice,1320959,73056639,58342
MONSTA X,727926,26747519,34753
Lim Kim,91513,2500906,7611
N.Flying,84012,2376328,4150
Lim Hyunsik,79550,1722247,6963
Tiffany Young,195639,3712460,10326
Jung Daehyun,21669,245281,2033
Ladies' Code,1417,17564,81
Stray Kids,2154457,76078515,123323
ATEEZ,2135357,126833135,216347
GreatGuys,97388,905698,7544
AB6IX,378800,14625907,15308
Super Junior,704939,17238050,46940
Limesoda,2939,29962,332
SuperM,3801876,125920749,307788
Zico,22140,730038,689
Jeong Sewoon,7831,143699,295
ARGON,28119,245916,1232
Chen (EXO),660421,11094250,112811
Zico,43725,1165339,1451
Zico,91588,6365187,4578
Oneus,14190,99003,537
Minty,20206,977802,2710
j-hope,11971741,392824223,788399
Sonamoo,4599,1476425,387
PONY,35415,613898,1099
Apeace,1877,57230,268
TVXQ!,30548,2505268,1905
Jessi,930385,28039514,28349
Twice,5198757,490310556,591665
KARD,1007680,27195438,49758
Amber Liu,139913,1106583,7205
Saturday,155861,2423951,13690
Punch,17367,1224056,429
Teen Teen,60090,624985,3343
Dreamcatcher,866874,34187855,66572
3YE,308864,6038721,11416
Super Junior,206463,5810271,21746
GWSN,2438,45594,65
Seventeen,1337601,57786975,109835
ANS,81895,1819564,3263
IZ*One,488452,19287244,49500
Bolbbalgan4,33997,603230,709
PIERCE,13096,1746365,0
"Chungha, Mommy Son",29546,620282,589
Bolbbalgan4,291827,17246214,6791
GIRLKIND XJR,3712,49984,240
Super Junior,106528,2563172,8958
MONSTA X,69203,10005522,2947
Dreamcatcher,122764,3860050,6029
WeGirls,8653,331406,632
FTISLAND,31405,786634,1758
CLC,735770,23087272,46873
"Choa, Way",4896,75906,304
Wheein,247571,5838299,11186
VANNER,18622,162401,919
Momoland,116683,5699102,12751
M.O.N.T,20476,156609,994
W Project,152016,2136240,11358
Lalary,103740,1154246,5415
Ravi,24303,3005527,857
Benji (B.I.G),32231,246488,11620
Onewe,182622,4688107,10880
Crush,137143,6131966,3759
Signal,2035,22332,143
Fanxy Red,67779,723005,3831
GIRLKIND XJR,12530,223615,678
Sunmi,623980,28716381,10389
X1,1867389,122108643,254386
Peniel (BtoB),41833,561910,2463
N.Cus,27943,255876,1755
Jimin Park,228789,3200486,9135
M.O.N.T,10262,57669,741
VAV,272623,10181204,10358
G-reyish,14095,340478,1241
UP10TION,121815,1728804,8699
Grizly X Chungha,32447,601850,652
Oh Hayoung,29661,549619,3124
IZ,19711,95573,4668
Oh Hayoung,81203,1807403,6651
Celeb Five,40377,894760,2534
Everglow,2662325,171663650,159221
The Boyz,249433,14975995,8255
VIINI,127046,1577424,5330
Target,66532,707458,3138
Red Velvet,1687057,50304296,122175
ANS,3461,42385,263
Weki Meki,219864,6459174,7971
M.O.N.T,38690,440852,2749
Rocket Punch,196754,4513229,13627
JBJ95,59355,1408544,2187
FANATICS,53737,1171294,2526
VENUS,2051,59139,194
IN2IT,48464,519380,3559
Pink Fantasy,127831,1966867,15470
Seventeen,1656065,85617889,118229
Oh My Girl,170477,26159761,10157
TRCNG,66126,715762,5819
Tiffany Young,235475,8128624,12012
D1CE,37500,446690,2393
W24,16541,102946,1544
Red Velvet,367357,5156662,10767
Ruann,28767,824811,1956
Verivery,102876,3899841,4926
Bang Yongguk,46176,454769,3014
Peniel (BtoB),51788,836224,3867
CatChuuuu,3943,71985,711
Eden,19571,307937,692
Busters,47037,812608,4155
ITZY,3740120,263557537,205763
Taemin,510123,14170965,22757
Pentagon,85795,2134585,2707
Park Boram,4799,267793,985
NCT Dream,3233226,161225665,224187
Kang Daniel,1012759,22459084,67623
EXO-SC,722843,8510489,33018
GWSN,30842,620937,1486
CIX,702665,23103215,41614
NCT 127,1247525,49823322,52303
1TEAM,25867,227276,1047
Dongkiz,14511,178951,1101
EXO-SC,1914958,33032171,208267
HYO,101937,1294191,4298
EXO-SC,444054,5660092,27656
N.Flying,15207,271468,729
Eunki,6952,58172,341
TVXQ!,35670,2816248,2436
Taeyong,937591,22449262,78460
Pentagon,822126,26316138,26999
Norazo,54624,4589553,12040
Flashe,3285,55585,257
KNK,128039,2057203,8000
MONSTA X,387769,7554325,14163
WishGirls,51193,1033889,3030
Lee Gaeun,39516,425030,2252
USHN,32445,489967,2149
(G)I-dle,396135,8253007,10234
1TEAM,24335,126407,1911
Baekhyun,1893885,55294204,205155
Nature,99381,3399055,4262
Limitless,39479,438028,2045
ATEEZ,150000,2074824,3615
Ha Sung Won,147914,2520055,5365
Heize,1033174,30470266,36956
Honey Popcorn,44485,1185053,4791
BTS,5215432,159747273,326412
Winner,46567,563912,1040
Ailee,486014,11883717,19532
Stray Kids,653869,12923802,18955
Winner,46017,481805,1266
GFRIEND,777505,33643922,103638
Sulli,1265748,21185630,467738
Eun Jiwon,212606,13331304,12720
Lana,153555,2220237,21107
Euijin,26271,223513,1259
MAP6,1322,34946,126
(G)I-dle,694582,26481801,21203
Lusty,7223,106135,462
GOT7,53188,673011,2010
Chungha,1358465,74106865,34501
N.Flying,12706,307478,562
MONSTA X,1510902,53682959,77231
Zelo,68133,986402,4730
N.Tic,5401,44927,561
Stray Kids,2111496,72307518,128046
Red Velvet,2846482,104044479,227489
Leo,65874,1079495,5143
Yesung,262302,4600522,30805
BZ-Boys,5096,45842,630
SF9,100825,1840848,7902
Somi,3106135,107889511,127418
IZ*One,379507,16458564,29875
Bibi,163102,7285505,2884
Oh My Girl,48344,2869485,1486
Noir,93914,1190133,4758
MONSTA X,96096,1418151,2778
Twice,1982827,134137142,110539
Twice,1038362,59061236,45270
Ong Seung Wu,392334,12092212,17454
ATEEZ,656265,26492834,29781
ATEEZ,1520161,76540312,75735
SAAY,137399,2040459,4382
TXT,1310805,10419398,57350
BoA,83251,1554295,3314
fromis_9,519266,22076776,22727
Teen Top,76143,1167270,4096
WJSN,124925,7517031,13347
Lee Hi,1777889,68759143,66663
CLC,685448,23474194,30464
EXID,60560,778838,3798
Giant Pink,130155,1624725,4416
Masc,21102,216164,2071
MASC,21102,216164,2071
Berry Good,31468,991470,5571
NCT 127,1539326,54035502,131580
IZ,14749,70183,2036
Ab6ix,638314,13882160,31704
Cherry Bullet,25490,529182,1294
3Ye,120768,2443913,3006
ATEEZ,417064,11434619,14891
GOT7,1629140,60252790,262887
Lovelyz,56259,3704986,5484
Onewe,36642,569980,1372
A.C.E,567271,18235506,42764
Ladies' Code,61157,800611,4320
Bvndit,36608,904327,877
EXID,956576,31931720,36876
Onewe,52582,828690,2124
Winner,888869,27564543,40179
Weki Meki,426277,13170657,14750
Onewe,69382,1349550,4308
Cherry Bullet,534,13713,45
N.Flying,25543,276567,1131
Momoland,122347,3130399,11977
Jenyer,7671,292239,564
PIERCE,7236,655729,0
Golden Child,55598,1139153,6418
Park Bom,56481,729221,3857
A.C.E,63861,632474,5320
Kim Donghan,32084,292506,1667
High School,16201,144678,1955
Gray,155914,3988211,4260
Spectrum,43539,397399,2216
NU'EST,692170,24385939,45373
A Train To Autumn,4215,68608,295
GeeGu,47005,687372,2145
Station,63,3289,7
The Boyz,293569,14320817,12097
Eyedi,29152,1056539,2040
Destiny,1514,30377,113
Ab6ix,598444,10104592,22756
Newkidd,25091,145614,1845
TXT,4302427,108392618,194971
Verivery,30743,867273,1846
N.Flying,17749,240574,1236
Son Dongwoon,13063,133111,1001
Twice,6276061,606774119,770782
Pentagon,51884,1005762,3953
Target,37777,386011,2355
Target,37777,386013,2355
ENOi,28111,1271109,2601
Apink,75387,1644168,3814
Z-Stars,20450,249631,1961
N.Flying,9870,221441,445
Youngjae,46659,515553,2896
Lee Gikwang,18592,217430,890
Kisum,11892,363894,313
Stray Kids,662504,17968989,22444
Seongri,2393,94110,323
Super Junior-D&E,382184,7635456,25694
1THE9,123226,1533912,6926
BTS,28305424,1727311995,6468569
Greatguys,17002,207562,1160
N.Flying,20695,515027,893
BVNDIT,143110,2449493,5452
(G)I-dle,354063,28733616,9547
1THE9,31624,322775,1227
Gavy NJ,2629,236656,104
Stray Kids,1259328,41239735,32966
Camila,6774,167336,479
Girl Crush,13281,529708,680
VAV,112373,3966487,5221
1THE9,27961,184797,1631
TXT,952691,9688820,42771
Blackpink,25144680,1899004624,2479548
Momoland,41392,4732280,1900
Bolbbalgan4,435362,36649364,10339
Iz*One,1322958,96036382,111352
Vibe,1363,239167,95
Badkiz,2804,224932,376
Bastarz,29143,365843,1568
GFriend,11121,206592,315
1Team,132489,1148193,6605
Kard,525461,8574213,26143
Pentagon,343879,5919654,14546
JBJ95,104169,1629805,3962
PinkFantasy Shy,27547,307801,2453
Jus2,184317,7678582,6001
Bastarz,46570,610560,2091
Stray Kids,4170840,181187603,436617
Taeyeon,909469,42722915,48100
GWSN,5177,56042,311
Momoland,1151267,70278007,175037
High School,6171,83666,765
Dia,48256,1140347,2949
Shafla,11567,184549,1883
NCT 127,1146646,34321783,79240
Everglow,2357311,123701029,111678
VAV,231604,26194482,19903
Mamamoo,1278609,68072933,35785
100%,17705,161870,1137
GWSN,52537,21067003,3249
The T-Bird,15424,99267,4055
Dreamnote,60562,1909304,2633
Dreamcatcher,20052,363914,1087
Wooseok x Kuanlin,163125,1267362,7453
4Carat,5608,87117,544
Argon,18340,174865,820
Hi Cutie,2317,48652,481
SF9,26542,606465,1063
Hong Jinyoung,69935,6975267,3293
Apeace,1285,38971,187
R.Tee x Anda,458961,13790403,22297
H.B.Y,11583,131377,928
Dreamcatcher,90663,2386144,3686
DALsooobin,6171,170964,501
The Ade,712,61972,95
MONSTA X,156482,3052992,4490
Jang Dongwoo,43994,637013,5191
Jang Dongwoo,43484,586470,3240
TXT,5731993,164297958,554716
Key,351543,8479896,18954
Jus2,946603,44030294,77483
GFRIEND,287471,10469147,21140
Super Junior,987853,25699391,98726
Vitamin,15727,1802404,0
SUV,37431,565970,6043
Yoochun,28508,900006,3439
(G)I-dle,1325776,75741082,60861
Giant Pink,81105,1566499,3796
A Train To Autumn,3372,50798,321
Boyfriend,30411,422984,2487
Yukika,113210,4203710,5635
Seven O'clock,23943,304520,1228
U Sung Eun,870,23997,67
SF9,267931,7567709,17175
Hyomin,49001,1230867,4628
The Pink Lady,3950,68260,351
Trei,11756,103486,1279
(G)I-dle,208509,4844630,7543
Loona,1052809,50639105,112325
Miso,52340,972825,2635
Nichkhun,69417,953783,3759
MONSTA X,935954,44930734,84282
Dreamcatcher,660254,24662715,45547
Saturday,121415,3501614,13970
9Muses,11805,112436,1478
Vanner,19860,172326,1200
TST,13641,133569,876
Taemin,1143512,52155851,77554
ITZY,4275374,321189744,338940
FTISLAND,34835,836326,1981
Pierce,11744,1350346,2309
Koyote,10748,755874,1112
Twice,456629,33243324,15846
Lafee,2462,34349,166
Yesung,111524,1545009,14180
VIXX,73214,1086280,5743
Hi Cutie,720,16160,337
N.Flying,28256,879528,972
Aweek,877,6035,162
CLC,718235,25034288,44775
NeonPunch,17409,337091,1274
Snuper,2739,56926,305
IZ*ONE,565711,29678900,49542
IMFACT,16440,160871,1350
MustB,12123,117194,1858
Seventeen,1645289,77663173,181947
Cherry Bullet,64249,1588789,3394
Hyomin,57195,1597810,4448
Astro,318704,8707891,12199
April,16515,577112,1092
HUTA,130859,2394329,7762
ATEEZ,1390576,72175725,76824
Nature,30309,1798375,1884
Favorite,155714,5672521,7620
GFRIEND,600082,38947969,99005
Twice,528815,35851325,23029
Greyish,9081,225661,969
Luna,20808,323422,1185
Oneus,758372,29340589,34769
Verivery,114610,4055394,6413
WJSN,81861,2580403,4823
Luna,41406,674078,2281
Pentagon,221199,3689456,11844
Apink,675371,47974465,57622
iKON,1646824,43656885,137425
KNK,68407,887473,7148
Red Velvet,1016289,21388384,60811
Ryeowook,81690,1449513,6584
Mfect,8128,72774,1281
M.O.N.T,141757,1783064,11230
Luna,77785,1033824,7069
Dreamnote,6606,460460,265
N.Flying,32229,693819,1628
Chungha,301464,17863947,12793
Team X,1395,115281,56
Ryeowook,114628,1880163,12840
Cherry On Top,19267,201897,1827
NCT Dream,650695,13987480,21188
TVXQ!,185379,5092236,10309
Jiyeon,45996,848277,5230
"Chic Angel, Cupid",72,6248,12
BoA,89052,1599398,6147
Seventeen,830509,29968246,59754
Sooyoung,37481,468111,4482
Sori,37674,1404452,2529
WINNER,926702,49046792,51533
Eyedi,29510,657482,1133
Berry Good,4292,85739,651
GOT7,686811,25015342,42628
Heize,147928,11947608,4127
EXO,8890669,591845056,1201900
Twice,1070710,45609366,78827
Ladies Code,13762,153082,1449
Golden Child,8964,100809,782
Oh My Girl,36005,2072819,1409
Lee Changsub,85278,1734623,6350
100%,6492,103457,517
DAY6,473688,15016297,27207
VAV,59389,4652438,4309
UP10TION,150501,3492604,7236
Onew,235103,3793472,20890
GOT7,1174187,44451421,118000
Daehyun,36039,442389,2891
Minzy,61673,904687,4560
Red Velvet,1951554,76747605,140100
The Boyz,659182,32808721,29386
Mamamoo,830100,56840623,29444
Yubin,151388,4043821,7907
MINO,955562,56988074,55071
NU'EST W,233578,6660905,20283
Lovelyz,59309,2389710,3271
Key,304065,8740393,15496
BM (KARD),49607,417459,2563
Elkie (CLC),44207,599059,3276
NCT 127,1971872,85405380,110669
Sam Kim,193351,12977373,4064
Nature,35218,3916943,2020
EXID,1405312,76085383,63300
Dongkiz,25378,296454,1454
Highlight,212341,7588544,12079
VOISPER,7448,113607,439
Wanna One,1235384,41484132,145438
Aqua,12268,235801,1057
THE MAN BLK,1708,59679,205
Hotshot,63757,747695,4082
Dreamcatcher,27944,567796,1513
Stray Kids,1739367,72505362,58236
Hyoyeon,255044,5921843,10792
Taemin,279612,7481147,16032
D-CRUNCH,87352,1309982,5483
BtoB,377698,16736015,21814
Jennie,14742268,980771667,3147185
P.O,31337,630504,1718
Seventeen,572540,21887958,17569
H.U.B,122815,2013373,7166
DreamNote,44332,893506,3008
Key,246759,3903103,15396
A Train To Autumn,3642,66453,343
Twice,4148966,397453778,498074
Fallanc,2699,29028,799
Spectrum,42461,442965,1770
Exo,4824430,233650686,1088474
Dreamcatcher,74238,1858121,2450
TST,40192,561852,2625
Black6ix,5914,39393,596
JBJ95,119004,2269263,5722
Pierce,12101,1133032,2314
IZ*ONE,2061729,186242373,215683
HeyGirls,3311,55243,311
Abry,498,16309,43
N.Flying,11408,168442,690
ATEEZ,709932,25865263,38719
Golden Child,48586,935180,2817
BoA,284048,7392031,11149
MONSTA X,1360302,73151760,106007
Stray Kids,1365177,51338775,94631
Shafla,15472,245622,1306
Blue Fox,19709,265047,4061
APRIL,60793,2997495,4545
iKON,169549,1383348,4368
Weki Meki,405387,15291177,16537
VAV,902186,39978426,55912
NCT 127,967964,22867890,38225
fromis_9,445332,28244778,22447
Boys Republic,7191,58208,1106
Vibe,885,123589,119
Rose Finger,1223,49616,111
Snuper,15699,196735,1431
Super Junior,1890386,97671208,197551
Seven O'clock,28903,430732,1410
Seven O'clock,92492,1556042,4168
NCT 127,1839528,88183131,105673
S.O.U.L,436326,9452765,16147
iKON,1491757,69070871,122023
NU'EST W,114629,1264645,6867
Noir,147084,2475022,7516
Super Junior,198485,4613560,21100
Destiny,4941,645469,478
"Onewe, Oneus",91267,1455032,2473
Verivery,22477,234907,1870
Eyedi,2709,89307,121
Dreamcatcher,309153,10575602,22185
S.I.S,20429,440874,1543
WJSN,280043,17473320,20956
UNI.T,110883,4747349,10262
DAY6,101282,2177119,5248
Purple,4488,104215,231
GOT7,2393004,131539127,330680
PLT,85581,2034127,3967
UNI.T,32314,617954,2760
VIXX,11919,134136,486
SHINee,785910,20044469,43957
Pentagon,162792,2369232,9645
Oh My Girl,33252,1483946,2200
Berry Good,10025,259271,2601
Day6,253520,4515658,13831
SG Wannabe,1107,118740,78
GWSN,75416,18562286,5271
Girls' Generation-Oh!GG,2871389,165374494,297854
The Boyz,221081,14843039,8806
Spectrum,18801,163571,1340
Kitten Girls,10432,118585,1352
Blanc7,87700,576437,18705
100%,9507,98038,903
GreatGuys,39245,414368,2542
Drug Restaurant,12156,171530,1401
NCT Dream,2063722,86951187,109409
We Girls,12704,333096,974
Shinhwa,79063,4925598,6218
Camila,12441,250118,672
Stray Kids,1073809,35605293,37530
Alike,4326,72536,483
BTS,20704077,1257189018,3163774
LOONA,644285,38659660,85204
UP10TION,9696,136825,702
MXM,37084,534257,1309
DIA,6366,134709,357
DIA,6298,121741,316
DIA,6214,123932,298
Bigflo,7890,64045,869
The Singing Girls,512,19948,60
Berry Good,47637,2515206,10503
IMFACT,21482,313825,1954
Super Junior-D&E,422956,17890631,26929
TWICE,1283371,74588651,82667
MXM,105779,1881026,3979
(G)I-DLE,2241888,147368812,121023
Brave Girls,256464,8954942,11870
Hoons,4538,164699,206
DIA,129013,6594303,15467
KARD,156231,3647450,6556
LOONA,423346,14570439,51717
D-Crunch,79940,1052343,9744
Red Velvet,2069051,123978914,163442
Stray Kids,2489320,117126041,419116
UP10TION,20614,379625,1198
Nature,41056,2427379,1425
BtoB-Blue,77759,1547993,5246
iKON,3702861,229189692,267227
Riot Kidz,858,16181,64
Dreamcatcher,44386,958414,2143
MONSTA X,428437,16449586,23326
SixBomb,4050,430924,602
SF9,98592,1994115,8284
Rainz,8066,236720,665
Laboum,30649,1205714,2194
IN2IT,11445,89292,1133
100%,5341,64350,527
FTISLAND,22887,316016,1524
KARD,449109,8939264,24650
Airisu,667,12426,71
Astro,639909,17731339,46353
Super Junior D&E,232951,4879037,15697
ELRIS,3116,73073,318
GFRIEND,165886,4770304,11259
Boyfriend,18835,270618,1919
Saturday,51444,1397402,3682
Triple H,148774,1919807,8361
FTISLAND,41454,1045037,2072
Mamamoo,1000715,45403885,30215
Seventeen,1486286,72233600,96637
CNBLUE,21935,871454,1390
Heygirls,4320,85392,391
Wable,931,23896,52
Mamamoo,32746,791283,2815
The Boyz,142562,7962263,6698
Epik High,48705,1428954,1755
Gugudan Semina,134905,3780442,9500
Myteen,31916,1267504,2731
Twice,4154127,367372333,430279
Target,17058,329259,2210
Golden Child,102166,2729006,9837
Favorite,1129,18806,90
MeloMance,39125,10818481,1390
Teen Top,14256,220795,1173
Apink,127135,5825454,6675
Baba,4421,152030,612
Lovelyz,49010,4118964,3449
Melody Day,23389,610940,1278
Elris,64157,2951243,4737
UNB,167769,4127674,14399
GDB,418,6136,34
Drunken Tiger,439,4701,54
DAY6,1261159,49765324,59050
Momoland,2199912,249681948,232624
100%,13784,262387,1126
SHINee,534680,12381927,31751
NU'EST W,549785,17940786,42505
My Sunset,70,2945,11
ABRY,975,22508,91
Red Velvet,1069977,40362951,69449
Taeyeon,471009,13433544,29380
BtoB,273010,17191766,15059
Like A Movie,1177,8484,172
DAY6,178619,4424251,7736
Blackpink,23554644,2145964217,3274479
Twice,877661,56275945,58758
"HNB (Woo Jin-young, Kim Hyeon-soo)",24692,362286,1499
Longguo,8671,128003,390
DPR LIVE,105713,5547337,3259
SHINee,557821,16277528,27156
Busters,109106,830171,20735
Girlkind,20333,410733,1999
Sixth Sense,111,2216,26
fromis_9,196758,11133625,10059
Yubin,211655,11319542,16505
Navi,3824,107532,153
Wanna One,826539,31516258,79834
WJMK,67480,2171574,7260
Xeno-T,5171,51625,447
Super Junior-D&E,73940,1242904,3793
Samuel,126729,1947753,6714
LOONA YYXY,431956,19573751,29602
AOA,423555,29110882,25149
PRISTIN V,290768,9644868,10494
SHINee,1144902,36096070,80736
Bolbbalgan4,100786,5043619,3871
Marmello,2123,42085,103
NTB,22223,217703,1388
Prism,1964,40997,273
24K,78792,2086928,4798
Boyfriend,44711,571644,5171
Bolbbalgan4,58958,4258652,1920
Bolbbalgan4,594427,95375211,25259
Victon,28610,433706,2235
TST,16752,270442,1234
Cross Gene,16370,233983,1482
EXID,37306,943834,2045
V.O.S,4356,302008,279
BTS,21297810,1248059553,4452398
UNI.T,125391,4335198,9724
Girls' Alert,866,37602,150
Heygirls,4653,92367,469
PLT,6974,83068,447
N.Flying,21357,280168,1393
SEVENTEEN,749405,41209507,44730
Baechigi,4489,118180,160
CROSS GENE,42086,647943,2730
Marmello,5639,85533,338
Dreamcatcher,444159,17645739,24106
Favorite,5091,87444,334
Spectrum,59546,735175,4061
NCT 127,1252532,46162233,72765
CROSS GENE,76408,2658308,5963
Teen Top,44519,702619,3742
GOT7,794073,21360366,64779
GFRIEND,175733,7068242,13895
GBB,3512,109035,416
(G)I-DLE,2187683,186954543,104488
IZ,91653,974442,4660
Hi Cutie,7028,199645,1747
GFRIEND,791565,70596743,142840
HALO,86433,2189229,5701
IZ,5554,49166,524
JBJ,130900,1500910,11134
SHINee,56798,1648180,2707
Berry Good Heart Heart,54071,740499,52510
Luna,40162,855155,3220
Solar,58199,1581542,1724
MONSTA X,95414,2067271,3713
Twice,906020,73863789,51283
EXO-CBX,1056243,28232334,73029
Snuper,47458,729595,3558
Hyolyn,561312,21668299,20805
Lovelyz,84790,8702630,5857
Stray Kids,452660,10028048,18111
Solar,32528,1126136,1115
BNF,779,17670,173
Apink,20590,386032,2262
IN2IT,149241,2630050,8856
Zhoumi,43253,558806,5671
Minseo,16232,632191,406
HA:TFELT,26005,593691,903
Hyoyeon,217054,4463009,11260
Soya,3052,609766,137
Highteen,7571,161495,375
NCT 2018,1637305,58783783,68501
VIXX,387766,14264000,37867
JBJ,298500,6960116,26042
Wheein,281694,13873671,7860
H.U.B,4623,86335,299
Momoland,313176,27886748,17696
SF9,14509,296722,741
Baby Boo,683,23652,51
Super Junior,2057024,104329290,202662
UNB,119766,7316518,7595
Eric Nam,350643,12562513,9346
Yoo Seonho,42991,383386,2369
Hyeongseop X Euiwoong,72162,1229906,2923
JooYoung,6085,93656,298
EXO-CBX,1438863,54868372,117448
Twice,7270564,753961383,662884
Gunmin X Heedo (B.I.G),18911,218906,6643
Eric Nam,133057,2851666,5641
NOIR,117644,1348235,4296
UNB,200925,4563206,15130
Ten (NCT),618886,11787091,35852
GreatGuys,48916,479971,4321
Badkiz,4410,85991,182
YDPP,46734,821635,2510
WINNER,1267148,76884259,76699
CLC,71760,1263513,3749
The Boyz,344415,18812983,13000
TVXQ!,167193,6130580,7433
Oh My Girl Banhana,155348,9876530,18262
EXID,469542,18532164,26644
Pentagon,595013,21860208,17001
NCT U,772062,16484610,37611
Super Junior-D&E,5017,108866,474
Gavy NJ,4429,566169,194
Mamamoo,79326,1622999,4566
Stray Kids,856554,16579877,38771
LOONA,361153,14841524,23960
Samuel,360026,7212754,15578
TVXQ!,469147,19616991,26904
5tion,719,37993,33
Stray Kids,1733632,66549305,117037
MONSTA X,902394,41051200,69612
Shinhwa,15116,370912,1284
Honey Popcorn,116361,3866388,26301
SEVENTEEN,358845,8908080,14291
SF9,15743,397634,761
Wanna One,1592706,76313840,99923
Tweety,5030,90883,576
FTISLAND,44743,1803125,2318
UP10TION,104367,2067625,4705
Hoya,46881,817323,2984
NCT 127,1304642,58295024,66406
Golden Child,74490,1837841,5326
Bubble X,960,23341,61
GOT7,1860131,96750519,288288
APRIL,66422,4604747,4580
HEYNE,10260,360517,1516
U-KISS,4516,83909,642
Marmello,7482,123269,360
Heize,58800,6542554,1144
Heize,157070,16311173,3144
Sojung (Ladies' Code),15580,232490,935
Mamamoo,1895766,141696017,56883
Mamamoo,145031,4356288,7899
MXM,46847,833529,2060
j-hope,3958365,66306457,246383
Noel,12474,2033385,254
Wanna One,957710,43850808,78645
NCT DREAM,1400719,48812946,72645
AZM,13449,141661,1363
j-hope,6836835,162010025,644313
Red Velvet,378160,7183673,16266
Jeon Soyeon,78180,1375960,1886
Sha Sha,10810,260082,552
Waeb,83,643,16
WJSN,131082,8033388,12766
NCT U,2134102,102218626,90798
SF9,95988,2064450,6107
"Trax, Lip2Shot",15998,229807,652
I.C.E,10116,206237,943
CLC,626899,38229278,24680
Weki Meki,261587,9647531,12238
VROMANCE,19151,353550,907
I.M (Monsta X),330064,5486162,18155
BoA,276890,14603104,9487
Yang Yoseop,29535,443863,1769
NCT U,3039965,187414747,170940
Boyfriend,14894,251459,1659
Kino (Pentagon),57778,1124109,2681
N.tic,26935,387265,4279
Suzy,293922,10323903,12033
Park Boram,14030,3929920,706
Roy Kim,188662,34631460,10258
Yang Yoseop,32948,1331092,1573
Mighty Mouth,241,20127,19
VAV,132147,6846830,5235
Dynamic Duo,1228,74314,70
PLT,5101,54302,362
"Naeun, Jinsol (APRIL)",8386,283702,455
Hong Jinyoung,143343,13030631,6801
CoCoSoRi,27580,474354,1871
Hyolyn,43169,1245307,1832
MONSTA X,110479,2440545,4807
DAY6,118167,3141923,5707
SEVENTEEN,1371671,72927819,79124
100%,6311,185040,442
BLACKSIX,3604,22124,354
Henry,326157,5509314,12421
Davichi,12017,681207,354
gugudan,216064,10098419,15195
2000won,352,10884,21
Super Junior-D&E,10891,260748,869
BoA,162603,6420098,5207
Soya,7394,643693,366
Suzy,193652,8617975,9571
Risso,629,16683,43
LOONA,195211,7912168,16085
DEAN,1170162,86584368,30808
Golden Child,79193,1663633,6669
Red Velvet,4179455,396620785,317641
VAV,144956,8389317,6612
Davichi,245059,14486934,11876
iKON,7657614,647034594,446440
fromis_9,17717,374783,1004
Jeong Sewoon,86091,2270677,2972
Rainz,12010,423687,842
Target,34398,507838,2258
Jonghyun,505921,7815737,41304
Jonghyun,1504544,25214797,162512
Suzy,209055,10783248,9182
UP10TION,24687,693368,1284
Sunmi,948001,74232716,31016
Chungha,894987,85354038,19087
JBJ,611944,27348820,29183
Girlkind,60019,1066444,5730
Stray Kids,690505,20055551,22463
Various,1388,68437,126
NCT U,354935,9329635,11541
Weki Meki,36041,748992,1361
Twice,1880306,177104475,110346
MXM,105267,2150379,3188
Jo Kwon,26470,670391,1044
Oh My Girl,246833,23421414,16554
MONSTA X,302916,10898957,14247
Infinite,399781,12534841,62811
Block B,176630,6353564,7894
Jang Wooyoung,47872,876187,2385
Stray Kids,732591,17862979,30566
Voisper,1647,26451,123
Hint,5340,141599,338
Live High,3827,121001,276
Mamamoo,201056,4411181,13161
5tion,159,6658,15
N.Flying,219553,6863848,7612
Momoland,4887141,619530444,368417
PLT,10399,123048,705
TRCNG,59867,999373,2442
Drug Restaurant,35139,925186,1752
LOONA,959197,36633429,44513
Younha,57076,3445981,3151
EXO,1751235,54723912,162564
Super Junior-D&E,25915,704544,2895
1NB,2032,40608,209
BoA,67370,2134936,2742
NU'EST W,280146,20402121,9985
Twice,902128,46710688,41303
Sha Sha,2084,54772,158
NCT DREAM,315596,4737799,9533
B.A.P,284009,7461773,17884
Twice,3511531,449874207,309538
Mighty Mouth,316,20541,32
The Boyz,266624,12024816,12323
KARD,269024,5495125,11399
Snuper,2886,90724,344
DAY6,430613,16171941,16342
EXO,1348390,31608550,108366
Hyuna,835906,48210745,28940
ANYWAY,2993,39745,236
1NB,18202,386343,2059
fromis_9,19656,421517,1225
LOONA,247751,10236191,18469
BLK,48487,521532,2437
Hey Men,5251,85199,261
MAP6,35282,557070,2431
MXM,13737,194736,594
BTS,20370503,1386722593,3090299
Pentagon,49894,810288,1912
Pentagon,320909,9523604,9774
Honeyst,11522,223778,595
Blah Blah,15560,411168,1662
KARD,619213,19224184,20410
Epik High,50890,2337260,1951
Heygirls,3450,98471,158
Red Velvet,3086266,241465136,146403
"Nell, Groovy Room",13239,946211,476
Snuper,6812,106241,670
Samuel,383136,6963263,15028
Fly To The Sky,8166,796655,477
Lovelyz,70513,5058232,9443
Wanna One,507815,13439646,43344
AshGray,43,2214,10
VICTON,122587,3083594,5393
Urban Zakapa,68654,8505349,1629
gugudan,104194,4266155,9200
SF9,20285,386588,630
Block B,593772,33106510,21244
MONSTA X,1330270,56754605,68608
EXID,939928,65900996,40586
Kim Sohee,5889,267495,425
Super Junior,1038142,59722748,126063
SEVENTEEN,2095759,122365913,114711
Sonamoo,65241,3226784,4154
Mamamoo,42787,914086,2026
Jeon Soyeon,463278,12201028,19700
DAY6,247305,5083963,9247
Minah,30799,767845,1163
Hyeongseop X Euiwoong,74745,1545808,2745
ASTRO,1281669,35629757,43023
Juniel,22215,841397,623
LOONA Odd Eye Circle,177271,5209257,9368
Voisper,425,4419,42
Twice,5380613,611050958,547866
GOT7,451957,11527703,21894
Super Junior,855425,31056862,129565
Gavy NJ,5147,604199,167
Playback,278155,11441191,11814
Apink,59996,4768525,4190
IN2IT,92144,1373938,5737
4Men,58686,20281125,3134
Epik High,190230,20336233,5919
Epik High,72638,10777379,1459
Marmello,8051,117311,410
A.C.E,226933,4278240,18069
JBJ,455737,16074739,25274
Taemin,1379094,73136258,52229
BtoB,299241,15492650,12804
Highlight,213734,6619274,8075
SEVENTEEN,400905,14795581,14403
DIA,38549,1639223,2237
HA:TFELT,14826,487554,562
UP10TION,80018,2075732,2955
SF9,803452,32169757,49119
Rainz,32099,1261301,1252
Davichi,14049,1557625,429
MASC,10155,115664,745
Jang Wooyoung,31823,589028,1478
Hi Cutie,1428,39358,219
TRCNG,80218,1441575,3619
GOT7,1961689,100084726,241364
NU'EST W,411772,13712107,43165
SEVENTEEN,472410,16054364,16962
Stray Kids,2734926,110025638,355449
Twice,1031699,102731243,87849
SEVENTEEN,610968,21222984,17695
U-KISS,17616,560840,1545
A-seed,719,68220,46
DAY6,403602,11503282,14561
Bolbbalgan4,2276256,126652412,40934
Bolbbalgan4,91551,9888480,2696
Bolbbalgan4,19375,1166676,266
Bolbbalgan4,39649,2301885,552
B1A4,199203,6178053,9245
Lay,360757,4832232,28002
SEVENTEEN,741311,29105854,23407
IU,167214,15507610,4987
SECHSKIES,30790,1043085,2510
SECHSKIES,58947,7018878,4075
CNBLUE,78205,3371169,2477
LOONA Odd Eye Circle,311497,14187037,16662
APRIL,46389,3948212,3720
BTS,22987314,1557736143,6263258
GFRIEND,357246,25990962,32320
D.I.P,36365,394303,1396
ELRIS,79272,2770340,4280
VIXX,3886,80483,154
Pentagon,103259,1671121,4475
MXM,183323,4384733,7036
EXO,2785945,101282277,380088
B.A.P,267373,8704874,13336
DAY6,687304,37245577,18979
The Singing Girls,379,14671,26
BLACK6IX,73364,1332960,3257
IM,29436,453614,1814
A.De,10585,150388,1541
IZ,48975,1261806,1800
Good Day,111147,3397418,11127
Hyuna,428485,23825245,7962
Golden Child,220491,5282705,18692
Flashe,2294,74489,260
Hur Youngji,12081,270855,681
GreatGuys,33332,417048,1861
Heize,31352,2728353,1028
Highteen,973,28233,138
GreatGuys,33332,417048,1861
Pristin,316049,18145519,17514
VICTON,91107,2078881,4904
MiSo,63110,2066429,2435
Momoland,295091,16803273,24020
DIA,38384,2316123,3347
Sunmi,2499187,176800780,42197
Red Velvet,315941,8901573,15179
NCT DREAM,895410,27243584,32224
SF9,29951,931120,996
Taeyang,408708,13595900,17809
Taeyang,405054,12428272,20138
H.B.Y,8132,130092,725
Sonamoo,58810,2008911,3895
UP10TION,6265,118049,319
Wanna One,716444,39258012,23320
Boyfriend,103574,1349650,11128
Jessica,215943,6390942,14895
Weki Meki,311974,12075866,21166
Juniel,22137,787307,1427
DAY6,390956,12617679,16278
Wanna One,2626093,165314560,191819
BLANC7,107672,1167177,18042
Girls' Generation,1041450,55676801,118950
Girls' Generation,564314,27977566,31496
Drug Restaurant,10758,175357,519
WINNER,600407,36191690,26180
WINNER,808774,47590906,35005
Tritops,890,39460,57
Samuel,783098,18864498,45641
N.Flying,182189,5413063,7981
GFRIEND,467084,46432183,54373
Apple.B,14762,728431,685
Park Kyung,15464,505956,739
Shannon,51844,1348149,2343
Longguo & Shihyun,10328,247197,418
Raina,20064,309583,1363
JJ Project,633397,24350217,51041
FTISLAND,22981,1172253,1016
Clon,831,68787,44
AlphaBAT,15334,173658,1011
LOONA,276115,10513851,19159
Dreamcatcher,274038,10986284,17628
MONSTA X,368455,8730278,17106
MYTEEN,39138,567269,1741
P.O.P,25018,635778,1678
ELRIS,24128,929442,1770
Taemin,256333,7905467,13009
Nell,19688,807535,656
CASHCOMA,233,8736,35
Live High,1139,94595,78
KNK,88501,1774632,4219
AKMU,873715,43606144,27755
Snuper,16380,354699,1663
TopSecret,5327,64817,623
KARD,1384255,56835805,55964
EXO,5241365,352620271,1052856
Voisper,332,2647,22
Myname,11870,408475,1220
Hotshot,172936,4248177,10616
WJSN,22260,1152377,1029
Jessi,565357,24145328,19328
Park Boram,13249,1115390,723
VOISPER,8456,1705563,394
Limesoda,10591,851603,731
Urban Zakapa,5387,354192,185
Wable,461,15789,22
Red Velvet,2495000,202386195,141161
PPL,5283,214022,301
Apink,38239,2114659,2524
LOONA 1/3,44117,846607,3477
Take,438,19196,21
DAY6,320816,9110561,15492
Halo,101160,2412690,4009
Favorite,19968,361946,968
Boyfriend,12230,258808,1309
BTS,1214009,23412504,46036
VAV,61165,1544943,1919
L.A.U,5413,72420,278
Clon,5755,481317,330
UP10TION,85236,1978602,4047
Shannon,16188,253943,1167
Stellar,56012,1980379,4471
Heize,227136,44042588,7543
Heize,235239,29286323,6019
Apink,258430,27709745,21315
LOONA,315277,12961983,16849
BoA,208028,7975389,9466
Mamamoo,499697,38257526,18355
Mamamoo,236678,20114593,11128
BLACKPINK,13335283,1338026440,1658532
Henry,206467,5167976,11012
Clon,1594,148322,64
MONSTA X,700822,24903031,43409
T-ara,175535,8340731,25252
NCT 127,2854528,163333819,114555
Bolbbalgan4,131072,21781152,4169
Vermuda,5970,87591,429
Pentagon,279447,9413163,10869
G-Dragon,1814255,144816648,134640
DAY6,430085,17011450,16424
FTISLAND,104326,3519067,4724
WJSN,44557,1985198,2118
Chungha,421013,31211162,13333
ELRIS,11237,287710,609
TopSecret,54219,979622,2457
S.E.T,6058,173545,429
Tritops,462,9323,19
Suran,175910,7301928,2811
ELRIS,46052,1662643,3571
Hyoyeon,292636,8230949,13815
Greyish,6114,223678,876
SISTAR,449494,27355706,25214
ASTRO,816656,29380510,31985
Highlight,141028,7020742,4785
APRIL,33899,2050985,2100
Baek A Yeon,69219,3524271,1989
24K,91713,1774730,4823
FTISLAND,46121,4007768,2471
Flower,727,40184,68
KNK,54502,1145211,2407
Be.A,12890,187952,1205
Tweety,85,5512,9
Girls' Alert,5699,440337,742
Yezi,126682,4126231,3656
Marmello,19571,294188,972
LOONA,328024,14645306,22721
B.I.G,72754,1275159,3849
A.C.E,410588,8523910,26275
MAP6,29028,487858,1486
SEVENTEEN,3723457,264972312,207815
iKON,1403516,70021057,63153
iKON,632298,23248136,30572
GOT7,861079,29496399,30414
Urban Zakapa,16685,1797739,500
Sohee,65886,2700205,3144
Honeyst,17467,429575,1092
Twice,3072565,320684779,251069
VIXX,558773,22853745,38993
Unnies,320099,17154647,21094
PSY,1164200,130506560,66494
PSY,2221314,291195364,79090
DAY6,350657,10820283,13546
ROMEO,13372,225842,582
VAV,17684,973367,1492
Yong Junhyung,67318,2604048,2448
Lovelyz,110562,11479820,12694
Triple H,268725,7381886,6098
EXO-CBX,932530,34167853,42124
SECHSKIES,61322,2543648,4136
SECHSKIES,77825,4237705,5602
LOONA 1/3,102483,3005812,10463
Momoland,125962,8866392,12184
Boys Republic,836,16226,44
KARD,615694,20856836,42061
Snuper,21891,496198,1968
IU,1762102,195430891,56468
A-seed,1906,68313,125
Bonus Baby,5635,204308,641
Hint,4902,209303,349
Waeb,1302,141100,67
CNBLUE,75709,4481121,1866
DIA,97006,6996244,5784
Apink,96886,5238176,4469
Yesung,218599,5982987,16647
Myname,4588,182211,548
SF9,296733,10720839,14420
Berry Good,32375,1779755,2578
LABOUM,89175,6201097,6803
Minzy,280415,7962318,14853
LOONA,170686,5306232,15589
Wassup,8783,194807,867
Zico,361541,22428102,11893
Kisum,28895,2183766,773
EXID,276911,14872436,15419
Teen Top,87637,2683075,4236
Jeong Eunji,25948,667800,1939
Miso,113823,4462279,4254
IU,141747,5832814,4073
BLACK6IX,64016,1292140,2940
DAY6,374218,13553197,15088
Dreamcatcher,458245,17427089,21824
WINNER,591440,38568379,28154
WINNER,2347910,199037733,101846
Inx,8313,75697,886
Oh My Girl,105809,6639622,6687
SEVENTEEN,406799,7729296,16893
Red Velvet,369568,14516500,14981
FTISLAND,58118,2368101,1794
SF9,31841,695184,1496
Girl's Day,284213,21036641,11622
2000won,1586,54766,123
IU,830569,107757439,30101
Pristin,500691,39253108,34500
MONSTA X,1118998,62075079,68094
Apink,81615,6397436,4762
LOONA 1/3,39533,769412,1101
Eyedi,6847,220431,276
CNBLUE,89528,3697598,3239
Highlight,582654,41986076,21574
Baba,990,51048,81
Seven O'Clock,101926,1899236,6942
Snuper,3618,108251,189
GOT7,2934145,203829044,212086
LOONA 1/3,133110,3724956,8304
Highlight,130067,7660715,5688
Nell,5685,161349,201
MVP,93441,1396423,5408
MAP6,7318,145371,412
ROMEO,36076,862049,1857
B.A.P,128028,2337696,14678
GFRIEND,420846,28800961,47746
DAY6,440491,16429587,15958
BtoB,303303,19638464,11368
VICTON,89396,1938277,3472
KARD,326520,7459663,19390
BLANC7,192907,2787517,14242
Taeyeon,1676190,90010224,51622
gugudan,173053,11823006,14048
UP10TION,22560,727176,1281
HIGH4,27782,624593,1284
100%,11538,305681,758
Gavy NJ,5827,367728,226
Twice,2666577,320010296,270206
BTS,9799027,582513674,837358
Taeyeon,486947,23215902,29318
VAV,51630,1923901,1632
L.A.U,1423,27165,145
KARD,1571399,90198570,63315
MelodyDay,33906,1293314,1736
Boyfriend,37746,906129,2469
BIGFLO,12227,196563,761
Various,2447,32906,356
BTS,9946357,521268132,1129514
B.I.G,124604,2530674,7314
NCT DREAM,854940,29297882,30006
Sunny Hill,6072,414009,325
CROSS GENE,66315,1176220,4234
Block B,30709,515802,1755
1NB,13094,4393070,635
DAY6,1104771,67455963,32556
SF9,76980,1290299,6561
MASC,21729,344195,1000
Red Velvet,1005571,74858336,93437
SHINee,239370,8438101,13221
MelodyDay,14083,609031,864
IMFACT,6616,68514,587
"Dynamic Duo, Chen",103484,6961555,5551
Suzy,162539,7520437,9969
Pentagon,138479,4129056,5409
2NE1,1114115,32220220,135069
Kang Sira,6700,175963,462
"Luna, Hani, Solar",319267,12817622,16281
Park Kyung,31056,1891328,1320
Kasper,14016,372276,537
100%,5627,188439,295
100%,5627,188439,295
CLC,753510,40810559,34944
Seohyun,373905,18414855,28880
LOONA,292844,8304931,12280
Niel,35440,1991047,3205
Rain,158946,12870437,13511
Dreamcatcher,441583,17013449,24426
Jun.K,43806,1228134,1645
Hello Venus,146036,7693521,6614
Year 7 Class 1,938,601181,168
Trax,21556,455336,1300
Sonamoo,29947,1317666,1557
Ravi,75528,1524711,8849
DAY6,724150,30471859,31376
Shinhwa,52081,6706526,2499
Shinhwa,52081,6706526,2499
Mixx,16760,892099,1374
NCT 127,363615,8839706,19808
VROMANCE,26548,539042,1676
WJSN,141766,15342621,6129
TopSecret,7405,103989,646
APRIL,97901,11013422,9857
AKMU,466472,62913001,17135
S.E.S,222888,5347514,9520
AOA,344069,38026669,12891
AOA,146456,16602425,4701
S.E.S,79446,2173255,3808
Bonus Baby,5040,146367,854
SEVENTEEN,500254,22640730,20991
S.E.S,39376,1268042,2247
VIXX,17934,279251,1370
Double S 301,8793,293814,3674
SF9,35238,492417,2554
Bolbbalgan4,694482,86810302,14876
NCT 127,470162,12253690,21956
Boys Republic,1057,20106,56
EXO,176793,3785410,7441
Apink,42144,1675036,3577
VAV,9544,310861,435
LOONA,174986,5230333,18583
LOONA,83704,2070910,5171
Apink,142644,11353832,10912
BIGBANG,1478943,139574013,96956
BIGBANG,2509541,219877371,160823
KARD,75123,2285722,3818
Double S 301,24576,971238,10962
Pentagon,210662,7734042,10667
Hey Miss,1355,68041,188
NCT 127,220225,2950279,4747
Heize,140464,22805226,4241
SEVENTEEN,398566,18026665,14554
Myname,12727,592084,1196
LABOUM,36381,4191827,2556
SECHSKIES,136917,8005863,8853
SHINee,144909,6700801,8590
U-KISS,1403,45746,99
AOA,49040,6801570,3588
Oh My Girl,26739,1454485,1825
B1A4,160548,7429298,7872
GOT7,2013563,125796687,162424
Mamamoo,32702,850619,1326
SISTAR,157700,5300973,7096
UP10TION,80895,2525873,4276
SG Wannabe,2724,638281,161
B.A.P,28136,1168621,1439
KNK,44225,1352606,1747
EXO,449210,9675222,17121
Voisper,5595,152865,215
Take,1816,101919,98
LOONA,157911,3849632,22413
LOONA,104131,3015802,4060
Blity,1530,39013,223
SHINee,592501,27065683,34952
Snuper,37535,941093,2478
JJCC,8762,164690,815
IMFACT,15524,300053,1051
Bolbbalgan4,142345,23978311,3959
ASTRO,387774,15533872,15820
T-ara,241421,17335613,33594
Momoland,127128,7810015,12135
M.A.S 0094,9074,133998,431
VICTON,199994,5339407,10124
D.I.P,20537,212684,1656
Mamamoo,497011,43751134,17946
Topp Dogg,144854,2954890,14816
B.A.P,171880,4887021,11950
EXO-CBX,941218,23169768,27818
Bastarz,27241,696985,797
BtoB,727943,39203403,41209
GOT7,247057,7308400,7071
Taeyeon,664124,72081153,30622
Wable,1630,51570,59
Mr.Mr,1017,44536,85
Mr.Mr,559,24385,35
SEVENTEEN,404100,13574317,15803
BLACKPINK,8634007,851886783,530521
BLACKPINK,6156910,354464092,478463
Bastarz,116063,4184777,3494
EXO-CBX,1394898,71891564,83621
VIXX,184442,6908561,21065
Bastarz,75379,2536638,2891
High4 20,12802,298952,746
Twice,5409469,669156827,952855
U-KISS,4038,188899,272
24K,155724,4238253,6799
Boyfriend,31571,1036661,2278
Bulldok,155297,4896337,11467
A.DE,6667,264020,578
Matilda,42711,2088823,1822
SEVENTEEN,462128,14536015,20081
Davichi,140037,8112786,3909
Block B,82352,3264511,3138
Davichi,95041,13217996,3076
Highteen,11977,857577,1063
Ladies' Code,130638,3810086,7535
100%,35343,799317,2373
Girls Girls,12977,430884,1008
BTS,14735033,957164637,2351687
Pentagon,345860,11895088,17236
M.C The Max,6530,2092652,835
SECHSKIES,78048,5658732,6456
NU'EST,135799,4684679,4846
Voisper,6792,149349,370
SHINee,446573,19256935,35322
LOONA,296655,9672232,13146
SF9,275059,8456435,13320
MONSTA X,76573,1832708,4920
High4 20,164668,3715958,4578
December,2888,576323,189
101,2438,101953,204
Crayon Pop,66175,3933548,6708
Apink,164645,16466041,14394
Clazziquai Project,2887,199840,86
Mamamoo,86966,5060296,3617
Song Jieun,27821,1538744,1278
Infinite,444054,21925556,88433
EXO,1166293,64554980,52624
DIA,9513,495753,665
DIA,97660,5631329,6783
CNBLUE,33723,2344063,1193
2PM,216018,9586560,14722
MOBB,392983,18928029,9094
MOBB,586652,26990563,14661
Nell,15329,1055553,597
Red Velvet,2699075,256033547,133677
Clazziquai Project,5735,353773,250
B.I.G,863,13545,77
HALO,40305,1080747,3134
Mamamoo,29122,750992,1053
Mamamoo,22131,560691,1078
Sunny Hill,7260,539765,648
Bolbbalgan4,721002,99066192,19150
NU'EST,196152,6720904,13081
Urban Zakapa,36944,12444540,985
NCT DREAM,1805769,77219608,97831
Spica,38473,2203207,2119
Two X,11066,427662,721
LABOUM,66461,4745428,2942
ROMEO,6646,215230,438
Nell,11620,886158,608
I.B.I,45796,2081604,3390
EXO,3061470,191021913,231816
WJSN,58288,5046362,5385
VIXX,323557,12986159,32306
24K,172948,4848910,7685
Dimepiece,53,7984,5
BLACKPINK,10020372,871611935,617355
BLACKPINK,16272918,1653770577,1125517
B.A.P,121848,3996163,9901
MONSTA X,503784,27475591,25748
Y Teen,123410,3574351,6281
UP10TION,56241,1809290,2937
A-Daily,2806,105754,212
Inx,54021,1124566,4558
N.Flying,6598,157982,181
Oh My Girl,114474,9746454,9062
D.Holic,40562,1267414,2525
NCT 127,302271,6335660,11757
Apink,7808,428255,559
"Dynamic Duo, Primary, Boi B, Crush",18294,2909479,968
f(x),340976,14986948,22802
Fei,112926,3460466,12592
Gavy NJ,8717,872922,673
Stellar,64789,3186032,6433
Eyedi,2601,157906,234
FTISLAND,20967,1287260,570
Heize,500083,68734272,12680
Hello Venus,26563,2088623,1619
FTISLAND,46315,900428,3713
Mr.Mr,1464,61385,109
Snuper,16145,520058,1044
VROMANCE,47657,1173485,2866
M&D,79284,1871792,5242
Unnies,237147,13129651,12310
Infinite,107277,3499846,9283
Pentagon,34292,911975,1690
CIVA,14840,1794829,1973
Matilda,23904,917068,1012
Girl's Day,214729,37699186,12478
NCT 127,1045535,42997219,48599
Teen Top,31376,923386,1939
Taemin,352215,13395360,16980
Beast,238393,16436767,21118
SEVENTEEN,1716519,125360561,70993
Heize,168769,19742852,4025
ASTRO,475966,20447790,17593
VAV,8957,175181,442
MelodyDay,27850,1542295,1412
Wonder Girls,722091,51717768,25717
Taeyeon,760289,78822883,42603
Sonamoo,35825,2843905,2244
Beast,148851,7363584,13966
Pledis Girlz,10678,303987,1219
Taeyeon,507950,47124056,27385
ROMEO,29821,766186,2517
A.DE,8068,424942,1059
SISTAR,455533,45457332,23579
Madtown,55542,1903235,4010
As One,4766,325118,234
Voisper,7722,487037,275
SEVENTEEN,294197,9710372,12490
DIA,69847,7208265,6915
Daybreak,519,83528,32
GFRIEND,607410,66624032,46835
Double S 301,52679,2601292,21971
EXO,1384198,80053768,92874
EXO,5883481,442582370,1000129
Drug Restauant,145410,3541746,6953
Mighty Mouth,3674,220917,164
U-KISS,70121,2748035,6482
UP10TION,9377,248628,443
KNK,70670,3065814,4015
EXID,461947,46342565,21211
Fiestar,78138,6563276,3978
Luna,287813,14052956,15938
iKON,547432,28794368,41033
Urban Zakapa,218399,62679365,8798
Hotshot,1436,30380,83
Oh My Girl,166498,16740216,9264
Boyfriend,48855,1131382,4011
Tahiti,5369,329976,577
MAP6,53280,1431749,2822
Jonghyun,350966,10173240,23275
ROMEO,10644,304970,936
MONSTA X,680504,27681530,36928
B.I.G,60875,1409488,3574
Agirls,500,26503,43
BTS,10815129,728138728,604973
AOA,369040,46362541,17235
Live High,1130,62760,120
Teen Top,4808,105149,335
VAV,6792,118321,389
Hello Venus,12054,839650,1182
I.C.E,4314,179688,576
SHINee,46039,3749365,1603
AKMU,587788,35211150,13534
AKMU,381851,28044563,10032
JJCC,272,33727,12
BTS,9115774,755775271,782045
CoCoSoRi,15270,724912,1234
Mighty Mouth,13045,1206207,872
APRIL,51003,5410222,6320
Twice,4295049,540909583,305929
Lovelyz,122035,8371713,13836
Bolbbalgan4,90781,19174240,5178
SEVENTEEN,528938,24267172,14917
AOA,106393,13260169,5420
BTS,2084282,78129685,91828
VIXX,239908,10706386,29030
ZE:A J,12797,530028,651
Apink,85705,8266025,5801
CNBLUE,43306,3458383,1201
UP10TION,81795,2956739,4700
"M&D, Wheein",65132,2215313,6537
HISTORY,282782,10691394,12258
I.O.I,130833,13260370,11021
Block B,419643,35403641,15369
J.Y. Park,254813,15981831,17734
NCT U,644356,24153863,25541
J.Y. Park,187775,10843339,12832
NCT U,2044213,117921248,160394
LABOUM,118339,11026497,9216
CNBLUE,69516,3092133,4656
Mamamoo,119163,7897915,5469
DAY6,502218,25485783,20972
Boys Republic,115284,3890882,6207
N-Sonic,7668,221421,421
Block B,131586,12107762,6523
Oh My Girl,257241,18812984,12697
BtoB,168641,10837827,13559
Jun Hyoseong,71575,6866866,3482
Girls Girls,26415,1054326,1621
Lip Service,1183,52237,119
M.A.S 0094,10153,186879,391
A.cian,28935,747491,2011
GOT7,1309497,89655517,113322
FTISLAND,31301,1896689,1391
Red Velvet,598916,29306005,33835
Daybreak,1407,257448,47
WJSN,46302,2493355,3247
JJCC,22694,726272,1417
Fiestar,86105,8464806,4681
Miss S,710,64692,25
Snuper,55978,1654582,4240
B.A.P,33014,1590115,1863
KNK,188148,6276395,11595
Voisper,6145,195456,345
CLC,56041,2187863,3958
Mamamoo,6201,174975,1315
ASTRO,230802,9870510,6764
Bloomy,2546,106244,213
Mamamoo,459333,44019482,14168
Apink,46325,4054971,3223
WJSN,67368,5333071,7360
Ladies' Code,166278,5735713,10075
Teen Top,14711,422297,683
ASTRO,388796,12929167,23765
4Ten,20758,920750,1321
Taemin,385185,15892219,18026
B.A.P,138352,5091215,6889
Taemin,315628,14461613,16059
Wable,7501,1155752,329
NU'EST,31962,554609,3241
Double S 301,15524,509795,2698
Double S 301,84218,4168180,17820
AOA CREAM,267721,30737206,10856
Mamamoo,465985,24955360,17350
N.Flying,4286,144553,160
Mamamoo,20014,475111,1107
Taeyeon,512404,57745674,25212
4Minute,922376,70579633,49878
WINNER,309332,19664832,14561
WINNER,486152,36353094,25240
WINNER,231623,10872093,13621
M.C The Max,127533,51447669,11705
IMFACT,10525,186031,1249
SUS4,4199,293336,249
A.SOME,267,13623,35
GFRIEND,638330,78782121,62133
Mr.Mr,980,67420,55
CNBLUE,18468,930385,412
Bubble X,761,25525,31
Bubble X,1099,40015,52
CROSS GENE,32890,1049844,2831
KARA,6285,972196,320
VIXX,6616,308828,293
Stellar,92739,8564382,6338
Teen Top,76380,3434672,6673
V.O.S,745,71786,56
AshGray,35,1350,0
Dal Shabet,116929,10704080,6319
CoCoSoRi,20018,1054911,1761
iKON,329339,16669207,16855
iKON,594583,35722627,24056
APRIL,15593,2071548,1315
Dickpunks,559,62068,21
HISTORY,7535,268364,452
SHINee,89748,6791445,3976
EXO,969835,43497980,56707
Brown Eyed Soul,23952,4683087,1468
Dynamic Duo,2421,171628,100
Lovelyz,34642,2370153,2281
Girls' Generation-TTS,297850,17685192,11998
Girls' Generation-TTS,206606,7459584,9270
SEVENTEEN,376401,22244363,12035
Nell,10764,753691,575
BTS,3469071,177458371,152624
UP10TION,96198,3617868,3836
Noel,17347,4042075,892
I.C.E,3418,130012,257
K-Much,4041,91777,318
APRIL,39331,3627616,3357
5tion,551,31708,44
GOT7,491616,18907038,24209
Dynamic Duo,2472,199534,138
BIGFLO,2436,98631,112
Apink,16269,1668879,708
EXID,497768,67161256,16545
JJCC,14524,423832,866
Dynamic Duo,24324,4631060,1268
B.I.G,39111,923990,1776
Dynamic Duo,5497,523285,400
B.A.P,91537,3913653,4827
iKON,344065,15615463,16774
iKON,597406,39161219,30855
UP10TION,19179,476151,890
MyB,14920,688009,1669
Dia Girls,526,40671,50
D.Holic,1357,41584,108
Madtown,145861,5250347,5989
EXO,710696,23426308,28449
Crayon Pop,61298,6405657,4836
Tahiti,11502,898081,857
VIXX,548144,32110745,44502
MAP6,30473,826148,1717
Vetty L,142,6750,19
ROMEO,27079,802180,1986
Brown Eyed Girls,51991,4453300,3071
Brown Eyed Girls,39558,3020143,2714
Year 7 Class 1,1991,152444,216
Gavy NJ,6988,516695,292
VAV,7064,205948,581
High4,23947,782452,1215
f(x),711591,47265492,41253
SHINee,117110,5266769,4742
N.Flying,24823,1520557,1070
DIA,34725,2694758,2861
Twice,3741122,487439247,270677
Topp Dogg,78429,2650110,5955
Uniq,51858,1231896,2116
AOA,138358,15587062,4427
BtoB,124113,4299184,12556
Oh My Girl,233211,16513600,13318
BIGFLO,10891,441443,417
Taeyeon,2349491,257564227,127153
MelodyDay,17777,786978,1484
MONSTA X,1982357,134186646,92808
Lovelyz,204873,14792452,10963
24K,325163,11722715,12091
iKON,1215897,80109099,53308
iKON,502430,35121365,23620
A-Daily,1521,84656,123
GOT7,2416513,225235733,147011
A.H.H.A,905,55900,269
Mamamoo,41168,2510708,1073
Cool,788,151520,64
Nell,10198,514727,547
DIA,2130,98443,75
DIA,3457,195159,173
ZE:A,6723,296458,633
Jonghyun,267424,9365625,15236
Super Junior,458795,32877832,33884
DIA,54744,4707216,5365
Fly To The Sky,8726,1222535,708
Fly To The Sky,6558,857620,408
iKON,804235,62546861,51346
CNBLUE,97072,4973710,7443
Lovelyz,16712,1334906,1109
UP10TION,170701,7320670,8091
SEVENTEEN,272059,20573767,8767
Red Velvet,1510692,151803113,64111
Ladies' Code,18005,665615,926
CNBLUE,26664,2142706,855
5tion,381,36968,5
DAY6,996565,52160257,37423
MONSTA X,351997,21423389,13350
GOT7,76597,3358549,1796
BIGSTAR,25733,958271,1991
ZE:A J,3131,240089,222
VIXX,2376,104885,86
ALLSTAR,1943,45910,291
"Mamamoo, Basick",18066,2417154,1120
MyB,16346,932335,2137
APRIL,37951,3155954,4856
JJCC,21979,916994,1217
SG Wannabe,7586,2406674,516
SG Wannabe,4426,1639392,333
Girls' Generation,595197,50553756,38914
Girls' Generation,1235888,139288623,70726
FTISLAND,20651,1193512,793
VIXX LR,159667,6406764,15660
B1A4,102071,6132386,5383
ZE:A J,5393,268162,305
GD&T.O.P,968050,82112406,30703
BIGBANG,1956587,234542637,92095
T-ara,260855,36169812,25895
Apink,74192,8670468,3707
SHINee,365055,20368871,18451
Baby Boo,749,65357,128
Wonder Girls,220760,22141584,11629
Dickpunks,508,36368,18
ZPZG,10955,370408,629
Beast,230372,17769869,18646
Hello Venus,158395,22232413,5592
Beast,124669,7720011,8162
Sonamoo,38970,2427667,2157
Awesome Baby,4106,110683,400
Super Junior,437725,21613227,48210
N*White,1146,89849,120
Infinite,873100,54656167,73303
GOT7,5119788,426382389,246017
D.Holic,1554,34190,94
Take,2505,138144,88
LoveUs,4589,409150,352
A.cian,1205,30074,85
4Ten,8366,952612,333
Minx,87523,3471879,8459
Hotshot,111437,3077199,5078
BIGBANG,1395441,155638198,72061
Myname,10600,710842,547
Crayon Pop,32173,4570961,1876
BtoB,200959,11133102,14991
Playback,74257,3967821,3739
4Men,2494,594722,102
AOA,498294,76250630,22974
Teen Top,139369,9962330,8818
SISTAR,188287,17520523,6362
Mamamoo,541053,43897299,19377
Apink,311188,48967824,18437
Song Jieun,22489,2238203,576
2PM,894360,69555071,51407
December,2250,243089,130
Tritops,1531,101672,65
TimeZ,3443,142827,164
MBLAQ,18992,423181,1872
MelodyDay,11634,1011167,438
Girls' Generation,1032948,120381284,100899
A.KOR BLACK,1686,53648,331
BIGBANG,935974,94093801,40393
Boys Republic,26103,885254,1753
High4,15479,499485,878
EXO,2111196,145177565,203369
HALO,20295,677756,780
BIGBANG,6667117,653711027,345180
4Men,5857,1301816,218
Speed,56144,1900504,3636
EXO,3831794,328602292,335075
SEVENTEEN,213849,12399705,6146
miss A,803836,103972341,39668
Urban Zakapa,77804,5527148,1522
CLC,95428,5310818,4199
2000won,1662,91803,88
JJY Band,22975,1160568,2500
BTS,9048985,770044313,512473
Urban Zakapa,15651,2487668,347
Boyfriend,16945,613501,1122
Uniq,70036,2621778,3020
A6P,18121,579557,1602
HISTORY,35001,1220471,1819
N.Flying,88015,2613864,3221
SHINee,1012840,63765071,47936
GOT7,97695,4460123,2082
MONSTA X,435812,25317329,14733
Myname,65485,3914389,2855
Take,1647,141279,33
Girl's Day,93271,13669166,4024
Jun Hyoseong,47796,7794105,1755
BESTie,127247,10569161,5664
ROMEO,30280,1068959,3095
TXT,1423545,13099519,51556
Lovelyz,67264,5473432,5804
BIGBANG,2109773,258531728,108877
BIGBANG,1235191,143764507,59668
BTS,3380843,238733381,127019
Cupid,911,61911,195
Infinite,51470,3907264,2743
A.cian,1847,219588,108
Uniq,362574,12905684,16391
Mr.Mr,15331,647282,857
Hotshot,72109,2596063,3205
Oh My Girl,91879,7711236,5020
Gavy NJ,2136,249462,43
Apink,42468,4403195,1631
FTISLAND,7687,511973,304
NU'EST,36991,1872677,1988
Tritops,945,67917,49
Dal Shabet,114450,16537510,4867
Jinusean,89310,7337211,4814
Infinite H,45277,1333579,1843
M&D,155492,5294438,8090
Bastarz,224665,9594258,10203
EXID,540189,83289960,17983
24K,84535,3359466,2831
CROSS GENE,99564,3751886,6697
J.Y. Park,705069,85630774,52827
Daybreak,2218,213542,45
Girls' Generation,823605,84755088,55706
JJCC,7286,297900,298
Take,6554,417308,220
Mamamoo,99864,7226310,2824
Super Junior-D&E,302549,11399581,10063
Blady,4563,233242,244
Crayon Pop,61379,5466998,6389
Sonamoo,5615,260769,290
Hotshot,23506,652710,851
N-Sonic,5953,216362,255
FTISLAND,114366,4806727,8582
CNBLUE,14075,1149956,501
Bubble X,434,19646,14
Untouchable,1407,93986,81
Davichi,57281,14752450,2772
CLC,253475,13649769,15234
SUS4,3318,319821,417
Red Velvet,1523674,136030093,70758
Red Velvet,367776,27706608,17295
Madtown,54553,2585696,2049
A.cian,2276,75350,95
Boyfriend,138316,7762573,6168
B.I.G,21388,693742,1150
K-Much,1924,78749,99
Super Junior-D&E,330909,23043554,22998
Fiestar,129732,20704856,5427
Myname,11310,808746,657
NU'EST,20149,541147,1302
Shinhwa,44274,2465469,3211
Lip Service,2056,129811,111
Untouchable,1190,53192,68
U-KISS,13604,999473,854
VIXX,101801,5496506,11684
K-Much,4687,144260,471
Niel,31352,1816366,1359
Infinite,65234,4642665,3115
Myname,74952,3640751,3164
After School,7082,581421,555
Berry Good,13248,1259596,1179
4Minute,2060862,195073931,65617
Mamamoo,13990,580188,621
Shinhwa,12957,593565,821
A.T.O,165,4744,33
Sunny Hill,10040,1046392,805
Wassup,29573,1434125,1046
Infinite H,102951,5276305,6277
4Minute,120613,8862340,7323
Davichi,31765,5882113,801
U-KISS,35870,1532437,3109
1PUNCH,21891,869884,1696
1PUNCH,34011,1435099,2718
Davichi,61822,10115238,1329
Big Byung,82068,2464413,3830
JJCC,78604,3411815,4275
Tahiti,14659,1841078,916
Jonghyun,108434,4831211,4961
Hello Venus,101207,5695246,4924
Noel,9890,4105503,286
Jonghyun,259219,11145271,17464
HALO,10178,472887,403
Tritops,215,3627,17
4Ten,7299,890798,481
High4,25030,1176831,1028
Epik High,16861,745159,448
Sonamoo,88251,5189795,5227
The SeeYa,5385,564450,297
BtoB,86218,6228019,6221
Nell,24369,1915344,784
MelodyDay,6805,777541,207
Teen Top,10308,291646,596
Wassup,19010,1020167,991
"Dynamic Duo, Lena Park",1061,353634,23
BtoB,55622,3852909,2664
Untouchable,1027,34632,89
A-Daily,612,37368,66
Clazziquai Project,4901,456490,116
Clazziquai Project,1145,120729,46
Infinite F,118291,5490675,6595
Yery Band,360,23146,30
U-KISS,12160,805707,976
Sunny Hill,7147,658704,345
Tiny-G M,33311,1654179,1401
BIGFLO,15117,571547,777
Apink,393680,73602320,18355
T-ara,74507,9474068,1967
GD X TAEYANG,3156295,364835827,99230
Mamamoo,217411,18297560,6505
HALO,14494,535842,592
5URPRISE,73400,3332771,3915
Lovelyz,81486,7640867,5368
GOT7,1128125,83406129,57199
Boys Republic,39125,1593299,1673
AOA,448778,64865307,19198
Teen Top,75314,5770932,3085
Lovelyz,83506,5888784,6830
CROSS GENE,30276,1757621,1866
Urban Zakapa,2978,777057,68
Year 7 Class 1,1367,125662,145
Hello Venus,43022,6870770,2599
Urban Zakapa,7700,2068375,262
Spica,17816,1561828,807
Boyfriend,27325,1394416,1461
The Legend,5058,152003,186
2AM,21099,1469382,1194
A.cian,14057,794018,565
As One,95063,108660121,3695
Hotshot,77082,2850519,3205
Super Junior,285536,22298972,18428
2AM,27028,1607772,1557
D.Holic,1563,40422,92
D.Holic,754,19166,42
Topp Dogg,33233,1304387,2715
Uniq,62065,2238319,2349
Beast,17597,1569252,486
S,28285,1133718,1639
Super Junior,384829,35457470,26966
BTS,5066950,327280474,214290
Epik High,217525,12700017,10325
B.I.G,52447,1822251,2628
Epik High,374623,24816314,19157
Beast,240838,25305769,23714
Uniq,193512,7195165,9050
AlphaBAT,3777,104347,194
Girl's Day,99438,14300517,3599
Girls' Generation,28963,2484863,1257
VIXX,443493,30971422,28296
Song Jieun,71194,7838469,3167
Boyfriend,194808,11658024,8013
T-ara,556277,96231894,89501
T-ara,78780,13738691,6094
NU'EST,44689,2854908,2527
Red Velvet,584738,32559317,27995
Gavy NJ,6997,1043843,233
Madtown,107747,5150260,4841
FTISLAND,34251,2255327,1489
GOT7,219858,13297713,7235
Noel,1494,290740,69
BtoB,161659,11796646,8998
ZPZG,10413,381446,827
Song Jieun,139831,8608004,3984
Clazziquai Project,6194,680370,304
Minx,45432,1608099,3166
Girls' Generation-TTS,302485,29143676,21202
Ladies' Code,140692,5614624,8025
N*White,3410,213581,399
Teen Top,95166,8071527,4612
T-ara,601452,88249108,33773
Spica.S,16431,1561220,682
2PM,413628,35930023,28774
A.KOR,13884,783039,3200
Orange Caramel,11672,1005341,659
WINNER,291299,17494198,13398
Super Junior,1430937,110517114,179473
100%,3724,348429,164
CNBLUE,39452,3515457,1519
EXID,1197554,121412261,37238
High4,26574,1269247,1205
Touch,3456,129085,225
SISTAR,194293,29034699,7018
4Ten,12498,677843,980
AlphaBAT,5415,182612,394
JJCC,39077,1769658,2148
Lip Service,11800,585449,719
Sunny Hill,9266,1175157,641
BTS,3239580,193088600,127082
Big Byung,169976,5470599,8516
Orange Caramel,20657,1102940,1480
Taemin,511510,34556953,31958
B.A.P,41483,2862930,2039
WINNER,567855,52347426,36120
WINNER,218084,17206891,13289
SECRET,105415,17580672,3790
Spica,28990,1894509,1999
Ladies' Code,18331,1081157,1235
Red Velvet,1355570,112785249,116240
Clazziquai Project,3367,359587,170
4L,34004,5475297,5895
Girls' Generation,39852,3534313,1282
Sunny Hill,9121,1137465,521
CNBLUE,26173,2301249,1107
JYJ,154922,17439212,15875
LC9,6495,191114,540
NU'EST,22970,1017246,1107
"High4, Lim Kim",24886,1558976,1121
BESTie,28504,3914950,1146
CROSS GENE,6295,301739,315
Blast,710,21816,51
Block B,463972,34479851,15489
Daybreak,1699,181930,102
Delight,6056,380396,490
Boys Republic,24612,1312931,1216
Boyfriend,14309,1136805,804
Infinite,468566,35868411,40634
SISTAR,744110,116789645,28169
"Dynamic Duo, DJ Premier",146954,5850495,6193
A.KOR,5629,369946,5853
Crayon Pop,5700,730740,263
Girl's Day,263921,54166737,10404
B1A4,127502,8641396,9079
BESTie,4353,285805,159
CROSS GENE,16648,793836,918
B.I.G,79903,2549398,7547
Evening,4326,528962,386
NU'EST,212097,15485700,9926
CROSS GENE,46984,2274966,2452
100%,23377,1291909,2080
C-Clown,58649,3148703,4714
Davichi,16774,2004608,775
LU:KUS,49747,2417090,2383
Clazziquai Project,2783,304062,181
Song Jieun,19479,1449392,444
Tiny-G,31661,2273156,1844
Wings,7576,316441,468
f(x),590589,50966108,45836
Fiestar,78161,15110922,3915
2NE1,132707,10654773,6530
HALO,22475,977461,1290
Untouchable,3326,101113,137
HISTORY,36205,1605731,2050
GOT7,1387864,124452511,84739
BIGFLO,50734,1929013,2698
Davichi,4286,816561,206
AOA,193425,41765802,8159
Dynamic Duo,1826,485421,85
Mamamoo,200358,10693079,6445
Beast,363397,42708898,48500
Apink,25048,2629400,1126
Tahiti,9118,960167,797
Boyfriend,30032,1590019,1442
Beast,137387,12839187,11713
Wassup,3990,281018,380
Bob Girls,12903,830141,1260
Topp Dogg,81345,3467472,6650
N-Sonic,4594,240213,281
Davichi,8622,1659839,592
Fly To The Sky,1316,104664,65
ZE:A,164032,9255005,11650
Boyfriend,177882,13340071,7752
B.A.P,78665,3323484,8204
U-KISS,106122,8167437,14478
SHINee,54348,3977651,2384
Dynamic Duo,1743,133036,93
N-Sonic,4735,246595,210
VIXX,241412,20504183,16407
Year 7 Class 1,1462,204149,120
Boyfriend,11664,876094,809
15&,35969,1947125,2006
Infinite,252800,20524227,29605
Beast,55936,5068343,2865
Fly To The Sky,18159,2558806,1087
2NE1,621693,60160203,33322
Urban Zakapa,3319,511551,87
Orange Caramel,17109,1453420,626
Mr.Mr,9210,400801,440
BTL,42106,1868623,2912
4Men,7928,875152,257
4Men,4543,338572,215
T-ara,2877,161019,179
Jun Hyoseong,52791,6572332,3639
FTISLAND,24558,1713608,1152
EXO,2800703,253413575,223766
Mr.Mr,3391,141543,187
AKMU,1480496,104073690,26141
100%,5601,165691,294
CNBLUE,32950,3179305,1406
AKMU,220742,12700566,9446
Nell,8236,425539,382
Block B,260846,22182684,10699
2000won,5880,334295,325
AKMU,658791,67104507,18046
"High4, IU",851281,132561810,20597
Toheart,40475,1510109,2035
BTS,3765054,218352603,140088
CNBLUE,27069,2505429,1249
Speed,41187,1779799,1936
Billionaire,4031,160882,189
Crayon Pop,128730,17772132,11769
Apink,552590,91004146,22693
M.I.B,50356,3001185,2415
Super Junior-M,343698,30811009,19668
A-PRINCE,1812,74597,216
Tint,10809,878009,1750
Gavy NJ,3305,422710,104
Boyfriend,25461,1531325,1
JJCC,54058,2265616,4324
MBLAQ,83346,4517621,12927
Speed,19688,686093,1059
100%,42817,2037940,3553
FTISLAND,18722,1410341,786
4Minute,207313,26301162,11928
Wings,25645,1231541,1371
Orange Caramel,487982,35776463,21589
Toheart,144091,5123437,9378
1PS,7175,480846,516
2NE1,301591,25173409,20285
2NE1,1275112,110421323,125781
BESTie,45396,5437973,1934
Nell,22380,2338788,992
TVXQ!,126098,9180238,12450
K-Girls,1113,77249,95
Girls' Generation,920229,100155865,166120
AlphaBAT,44162,1645936,2410
MelodyDay,5593,401373,206
CNBLUE,258503,22611661,22185
Yery Band,1651,68289,131
AlphaBAT,2100,47836,155
Boys Republic,33903,1526707,1740
Speed,25880,1281557,1483
Speed,19450,715237,1229
BtoB,196764,14673715,11646
Brown Eyed Soul,5107,1382540,271
Topp Dogg,119507,5054070,6811
Ladies' Code,16578,1605528,708
Vetty L,275,20355,27
C-Clown,25681,1246424,2230
BTS,6396901,438007378,299320
"Mamamoo, K.will",44896,4023732,1728
GP Basic,14372,933229,1812
Touch,8411,398384,552
Lip Service,35076,1907444,2833
B.A.P,259338,17649714,34673
U-KISS,14269,921606,1139
Spica,80536,6207364,4659
A-PRINCE,987,37830,89
Sunny Hill,7600,730361,346
Year 7 Class 1,3760,442468,544
Koyote,1754,184608,107
The SeeYa,3927,324394,228
Rainbow Blaxx,53302,13016129,3173
Myname,9729,722905,629
Topp Dogg,35406,1769478,2363
AOA,520784,98946024,22510
FTISLAND,16035,1594110,519
AshGray,33,718,4
A-PRINCE,3089,146324,286
GOT7,1400316,103070816,109462
Apink,44493,5727077,2859
B1A4,158909,11784856,15141
"Mamamoo, Bumkey",62790,3805653,2280
Dal Shabet,85356,15270004,4766
K-Much,11859,591989,1599
BEATWIN,13761,617713,1297
Brown Eyed Soul,3724,709075,162
Girl's Day,245838,32246883,9628
Wassup,2089,109090,114
M.C The Max,10426,4023268,1105
VIXX,23421,737770,1815
The SeeYa,7151,344451,839
TVXQ!,242786,18234876,62073
Nemesis,554,47702,29
SHINee,168620,9826495,9311
After School,10653,817196,785
Brown Eyed Soul,79527,18512253,4797
Wassup,3699,215478,192
AlphaBAT,9683,388165,607
Miss S,2722,288623,106
Super Junior-D&E,185937,10202673,17213
BESTie,5009,449176,190
T-ara,69144,9040031,5230
K-Girls,760,91519,45
J-Walk,139,13331,10
LPG,59,2220,7
Topp Dogg,14825,499373,1584
Super Junior,48847,3636533,4203
BIGSTAR,8958,321434,547
5tion,273,50555,7
Urban Zakapa,2312,300107,89
SECRET,43965,5358245,2769
Untouchable,2891,74331,162
Koyote,2825,251623,188
T-ara,67127,8322159,5143
EXO,961581,61004514,57173
9MUSES,57602,9078925,4118
LPG,65,1644,6
Crayon Pop,71074,14433920,7034
M.I.B,14601,1080924,789
Noel,10163,2437134,291
Tasty,32497,1301243,1751
Urban Zakapa,8964,2377763,495
Dickpunks,4568,573965,231
2AM,49239,1703970,2046
HISTORY,34861,3562033,1904
Dynamic Duo,14487,867001,640
Dynamic Duo,22852,4374212,866
SHINee,64457,4386240,3025
2NE1,484335,46612583,36291
100% V,7945,371546,455
Wassup,28292,1958716,2413
VIXX,257742,13267252,17707
Blady,4016,143944,376
A-JAX,5355,291788,363
FTISLAND,83745,6375119,4630
AlphaBAT,56502,2679044,2890
Davichi,1703,69750,76
Untouchable,7632,384279,381
T-ara,1043,107332,34
B1A4,18677,3733605,879
Mr.Mr,31346,1622851,2005
miss A,632379,68763372,23359
Myname,6648,423926,470
Girls' Generation,379238,69328847,44156
Girls' Generation,325244,46696941,29772
Fiestar,40337,6865872,2733
U-KISS,59521,3995928,10005
Tint,16805,1782388,1563
Trouble Maker,505429,57870912,31409
A-JAX,7331,343770,519
N-Sonic,8719,446447,431
Teen Top,21032,842559,1966
5tion,144,17397,6
Topp Dogg,87175,3973069,6861
Urban Zakapa,4342,1142394,169
Delight,2448,126163,277
A-PRINCE,801,23671,86
BESTie,68651,11610731,4249
As One,3033,396359,135
Girl's Day,13590,1573363,913
9MUSES,42769,6056247,2743
SHINee,541749,48293151,69288
Myname,34585,2497941,2435
Teen Top,21633,977076,1421
AOA,116372,24753206,5363
2EYES,314,18767,11
Block B,449856,32493632,24388
Tiny-G,63463,5582186,4350
Crayon Pop,61065,9771764,5898
Demion,4433,160926,508
Infinite,92950,6075147,7591
Block B,108702,7603613,6661
FTISLAND,55695,4510090,4371
F-ve Dolls,5233,465638,439
F-ve Dolls,11658,1045403,1844
BtoB,160800,13330914,13378
Wassup,16491,881464,1463
Ladies' Code,76064,6944651,5343
Touch,5900,302628,525
Apink,39540,5538983,2612
NU'EST,53731,3357175,2423
KARA,105916,17504410,13161
BtoB,71000,4441474,4956
Spica,80462,8743305,4362
Teen Top,276308,23062470,29830
NU'EST,42007,1501364,6511
SHINee,75063,6121677,3356
SHINee,115438,7911636,7224
KARA,15623,1475525,2170
A-JAX,12228,546368,664
HISTORY,30816,3967108,1861
Wassup,24992,2289960,2250
CNBLUE,33410,3730209,1759
Super Junior,388315,42843787,63372
MBLAQ,25859,1035143,6906
Wassup,5025,204514,904
ZE:A,46916,3997716,5185
BIGSTAR,36971,1921257,2233
2NE1,279582,25717350,39378
Tasty,33252,1447945,2925
Ladies' Code,58474,3625876,3533
B.A.P,173505,11436174,39369
Dickpunks,3954,431265,376
EXO,3105654,301983363,258373
24K,48365,1761549,2536
M.I.B,36128,2311694,2251
F-ve Dolls,9461,756497,1362
Brown Eyed Girls,13012,675495,1208
AOA Black,118530,16674641,7583
Koyote,8068,879688,622
Tahiti,18609,2027657,1601
f(x),714059,70144893,80909
December,1961,196564,116
Apink,36229,4293174,3344
Sunny Hill,18489,2293574,1555
Miss S,2092,256880,132
Beast,250752,34854419,77432
KARA,10060,1660257,476
CNBLUE,27068,3301274,1843
BTS,2898398,163103740,107511
B.A.P,158225,11127293,27984
Infinite,243771,23489136,50654
Untouchable,7983,284724,631
BESTie,27370,4502983,2529
BTS,1666217,89136362,58003
Teen Top,42758,3054439,2814
2NE1,754120,82501247,85929
Davichi,42295,9330331,2364
Apink,114747,17776110,12745
Mr.Mr,18129,1062011,1062
Myname,170213,9699143,11749
U-KISS,31676,2865754,3514
FTISLAND,22591,2427207,1357
Super Junior,656023,81461111,478773
Dynamic Duo,22741,4457464,1382
T-ara,4100,464413,441
100%,4037,121759,292
B.A.P,152158,8960509,23336
4Minute,175502,30326371,22071
A-PRINCE,3204,145592,366
Crayon Pop,503339,78516799,48212
Girl's Day,183625,33060132,14734
2EYES,10427,749740,1719
Dal Shabet,29305,5443217,2358
A-PRINCE,2640,132225,231
Beast,63430,5869650,5107
After School,109477,12131576,19489
BTS,367743,14144089,18560
Chocolat,35712,2920383,4098
SISTAR,379442,77074883,23543
Nell,32474,2014636,2114
Boys Republic,35030,2138309,1877
Girls' Generation,197098,28243157,12350
Broken Valentine,5820,744925,604
Rainbow,73715,12354470,5832
MBLAQ,150921,12458986,38641
EXO,1966932,161208214,242038
FTISLAND,10487,1020213,693
FTISLAND,14003,1679054,779
Boyfriend,60852,4657251,6793
Super Junior-D&E,72987,5691676,10065
100%,37091,1892765,3392
VIXX,133610,10827797,12072
Shinhwa,149485,9100493,16813
Wonder Boyz,27701,1261675,2675
2PM,323709,33910968,38159
N-Sonic,2727,141711,154
LC9,52083,3318172,6930
9MUSES,105915,16296764,8264
B1A4,181448,19474085,16648
4Men,15676,5010123,669
As One,3949,271851,131
2PM,135393,12912096,24218
December,2242,250410,122
SECRET,82778,11337285,7835
24Hours,1753,55219,101
T-ara N4,30585,1818839,12001
T-ara N4,105455,15069885,26819
UBeat,48056,2387684,6409
Ladies' Code,3536,168088,180
SHINee,271306,23692878,44490
HISTORY,30256,1337372,3074
4Minute,287806,45554940,34738
Teen Top,22119,1259998,2326
Dickpunks,9352,1856372,836
Gavy NJ,3488,535653,190
C-Clown,56986,3833744,4773
4Men,2362,232561,106
BtoB,98789,6344626,8325
Boyfriend,23951,2187879,582
CNBLUE,48007,5568522,2925
M.I.B,21669,1326796,1842
15&,46228,3257159,4102
"Sunnyhill, Daybreak",10727,1144103,888
Girls' Generation,27180,1579366,4005
Davichi,2481,397284,156
Delight,7091,429131,953
ZE:A-Five,37077,3184443,3395
Infinite,169559,13540172,21646
Davichi,1140,193437,59
Evol,40828,2911056,3843
Girl's Day,265335,52303398,9264
AKMU,414893,40197723,13950
Glam,50665,2329053,3329
Rania,41127,4896483,3074
Ladies' Code,19858,742467,938
U-KISS,107821,9880877,15950
Davichi,725,295990,32
Excite,81,2654,8
2AM,70584,2898437,4716
Myname,15797,1213601,1115
D-Unit,17414,1236419,1946
Teen Top,275290,26504517,19748
Tritops,385,23849,26
Girl's Day,5304,467845,308
SHINee,287778,25280805,45343
Speed,63504,4855353,4606
Teen Top,83622,7196690,9704
Orange Caramel,2797,340025,207
Dasoni,17123,1189280,887
Rainbow,63471,10106754,4857
NU'EST,48856,1296085,10236
Two X,25865,3542068,2953
B.A.P,521444,40599885,60775
ZE:A,4186,323392,366
Clazziquai Project,10472,1259985,618
December,3500,647145,210
SISTAR19,242850,49591049,13554
Infinite H,30877,1984899,1640
DMTN,4723,144728,736
LeeSsang,35277,4961296,2323
Myname,34859,2224582,2611
9MUSES,78036,9561174,6015
Mr.Mr,17721,1101492,1387
Speed,2530,94377,122
Tiny-G,114143,8418043,8103
B.A.P,171549,13179850,20484
Speed,39394,3336128,2258
CNBLUE,241324,25750406,14912
Infinite H,64865,4501113,7589
Boyfriend,144346,13608236,10971
Nell,8131,539366,514
Speed,24177,1972124,1676
Super Junior-M,360044,41416348,79445
A-PRINCE,1329,48556,131
Apink,6164,372882,440
Glam,146796,6251871,11442
Girls' Generation,2150989,265079887,512878
CNBLUE,13910,1624560,576
Super Junior-K.R.Y,28291,1542395,2725
Girls' Generation,394608,61529722,37356
December,6972,1034706,517
C-Real,5437,406928,454
Sunny Hill,35889,4742070,3597
Orange Caramel,6514,297209,617
Noel,21477,3705578,636
100%,14083,739456,1256
ZE:A,16773,1423249,1327
The SeeYa,291,19538,13
Clazziquai Project,8271,739613,342
FTISLAND,7091,660147,323
SECRET,45701,5678979,4132
Nell,9967,753234,634
Boyfriend,34552,3188631,1096
Boyfriend,23686,1947483,876
BIGSTAR,10037,599960,857
TVXQ!,118806,10459840,13595
Gavy NJ,908,129812,50
C-Clown,57315,3972434,3712
Girls' Generation,291408,49555551,32394
U-KISS,12466,812470,1466
Spica,46447,5289951,2463
Dal Shabet,2625,244619,241
A-JAX,14603,874734,1565
The SeeYa,718,45514,60
Dal Shabet,5994,698287,348
Urban Zakapa,7717,2019890,216
B1A4,149159,14549523,14006
Fiestar,21127,1867376,1794
Boyfriend,310298,32723640,23456
D-Unit,3415,184891,263
Noel,18119,5155350,947
24K,9904,289144,542
Girls' Generation,303206,34644807,38046
Tahiti,12123,971140,1224
Brown Eyed Soul,15245,4801897,1008
5tion,1724,111079,174
Girl's Day,90157,15722301,4760
Miss S,2235,271784,100
Urban Zakapa,3855,862384,179
100%,9830,455346,1233
TimeZ,16234,1131084,1962
BtoB,40909,2666345,2439
Myname,16243,1492838,1357
B.A.P,165472,13272880,20666
Epik High,63889,3882840,4470
Epik High,84298,4849617,6910
Block B,829290,41439828,36599
Wonder Boyz,16578,927113,1406
NU'EST,9783,265382,1075
miss A,445967,53261277,33670
Jewelry,8458,919590,822
AOA,57524,7406532,4723
Boys Republic,14166,1036781,685
Gavy NJ,3240,352401,203
15&,47532,3608450,3840
EXID,323759,50324661,15309
BIGSTAR,15927,1051788,1276
A.cian,1405,65108,81
U-KISS,113950,11634250,9662
TVXQ!,332724,35840356,51339
AshGray,85,7725,10
AshGray,140,19291,12
Rania,49005,5533385,5506
Mighty Mouth,440,208208,28
100%,57451,3753297,4752
Spica,44633,4300106,3374
SECRET,147117,25000405,14037
BtoB,603424,50474790,30000
Orange Caramel,64991,8315563,3102
FTISLAND,184363,17996946,14527
24K,18273,624927,899
Urban Zakapa,10144,1947371,414
CNBLUE,10219,1273352,346
T-ara,149658,12281424,12134
T-ara,438319,79039895,43770
"T-ara, Shannon, Gunji",139712,27661288,7519
Fiestar,38060,3181949,4195
Boyfriend,39690,4159811,1664
B.A.P,69036,5117070,8823
ZE:A,12360,859067,1707
Tiny-G,25071,2168249,2783
KARA,181651,40332932,23086
U-KISS,18048,1753945,2240
FTISLAND,7457,781578,424
Two X,7476,633737,786
EXID,114355,14397824,5753
VIXX,80247,5599030,4175
NU'EST,16595,471155,2898
Super Junior-K.R.Y,19066,904582,1856
CNBLUE,11286,1156945,591
Evol,50671,2652903,5058
Tasty,30876,1724396,2667
Supernova,437,21477,38
4Minute,71231,10783141,7212
Teen Top,100432,12749345,7700
D-Unit,5396,413046,608
CNBLUE,16242,1159016,981
AOA,83450,9795399,7480
"Fiestar, IU",37026,4451685,2901
A-PRINCE,5249,586036,624
Crayon Pop,25849,3968797,1902
Beast,431817,57844903,47670
Crayon Pop,24571,3972227,1531
Glam,99148,3238370,9905
B.A.P,127661,11375974,21111
C-Clown,43068,2980089,4463
Brown Eyed Girls,12765,1660554,1332
Tahiti,4833,570122,579
BIGSTAR,22803,1596700,3052
A-JAX,36798,2485679,3832
NU'EST,27511,840562,3405
December,1960,303105,186
Wonder Girls,160315,15031860,23958
T-ara,104624,16911149,9029
CROSS GENE,70937,4367967,8181
2NE1,694482,85970935,83251
Myname,13245,1004756,827
U-KISS,7006,398006,1082
ZE:A,35485,3949633,5822
T-ara,281182,23453054,43853
SISTAR,224952,51195688,14331
After School,156647,24428656,16372
Girls' Generation,520183,77140978,56229
Boyfriend,57949,5535883,8956
f(x),1068807,142456890,120114
U-KISS,177961,20899297,24224
Dal Shabet,30745,4622545,2238
Girls' Generation-TTS,36427,3243368,5239
2NE1,83481,6888950,14570
BIGBANG,737204,99629314,140554
Wonder Girls,234935,36063080,32433
A-JAX,17948,1102157,2996
Myname,39142,2716217,3678
Teen Top,146349,17508430,10527
M.I.B,25455,1960791,1896
LeeSsang,35924,6556470,1717
Sunny Hill,3227,389593,297
As One,1975,191754,122
Tritops,249,11119,16
LeeSsang,15520,2927004,1032
T-ara,6825,549772,336
B1A4,134950,17042397,14852
VIXX,91059,6710440,8026
BtoB,122350,11540949,9470
FTISLAND,15903,1675737,656
2PM,35275,2646335,3162
JJ Project,498545,24713548,36079
LeeSsang,4836,777857,231
DMTN,973,43542,79
C-Real,17768,1052199,1785
Infinite,147019,16203164,12350
A-JAX,8823,538709,1023
Broken Valentine,280,29121,14
Apink,89025,12418762,7485
Super Junior,108166,9981765,6294
Mighty Mouth,22022,4515311,1355
Hello Venus,80510,8708383,10707
Block B,17106,1209872,2078
BtoB,50983,3248264,4049
Gavy NJ,2350,326616,148
Touch,18861,906665,1460
FTISLAND,10455,986372,577
Girls' Generation-TTS,652016,96065579,86707
December,86,22683,1
Block B,21742,1485642,2001
J.Y. Park,54573,5531372,3382
B.A.P,185363,17957022,26706
U-KISS,108645,10743315,28434
Sunny Hill,16332,1960270,2083
Noel,5561,1246055,317
5tion,466,41335,61
Girl's Day,50670,7393524,4143
Daybreak,3049,586250,159
SISTAR,570662,144735435,30252
Shinhwa,49458,3366765,2527
Nell,39526,3545066,3248
4Minute,364706,50643095,38797
EXO,1608171,103009065,199272
M.I.B,8611,705355,485
Urban Zakapa,1600,213090,67
Girls' Generation,152127,14659710,8881
ZE:A,1996,175251,204
Spica,23244,1694808,2165
Tritops,233,8673,19
CNBLUE,138388,17567502,9846
SHINee,505805,45452174,85267
BtoB,275472,27945044,18820
5tion,442,44665,54
Rainbow,7267,1951293,337
CNBLUE,88496,8843919,6992
NU'EST,403866,26872161,13950
B1A4,106161,12333685,15573
2AM,60915,5772170,4659
EXO,955633,92977890,81073
9MUSES,36209,4353155,3721
C-Real,8686,777028,1217
December,238,101837,43
BIGBANG,4297614,541977002,324841
KARA,4976,656292,286
KARA,13523,3051297,680
B.A.P,21664,993248,1470
BIGBANG,1159175,176002602,108126
U-KISS,5790,236341,710
Brave Girls,10513,973645,1163
BIGBANG,1190009,196850779,152132
Orange Caramel,9342,667264,657
miss A,159522,23209311,16189
U-KISS,13471,1126191,1226
EXID,77512,11324133,8312
Beast,111680,16144060,8519
GP Basic,2127,234059,424
5tion,167,38057,6
Chocolat,4170,163288,813
Spica,25805,2225126,1899
Davichi,6688,1508978,359
Block B,367895,24967664,5545
FTISLAND,257955,24014203,20579
CNBLUE,16083,2233647,667
EXO,643073,42158234,54900
Dal Shabet,4191,602882,590
B.A.P,52991,2704620,2197
Song Jieun,6702,754482,430
Sunny Hill,28301,3724190,2919
Rainbow Pixie,14735,2627010,2231
T-ara,287504,60236210,13354
Wonder Girls,71680,8070399,14427
9MUSES,32262,5097684,2850
Spica,10070,1299100,593
MBLAQ,138594,10917922,41100
Broken Valentine,1260,86521,75
JYJ,76565,8371510,5244
JYJ,98615,8344224,7182
Teen Top,155659,17292043,11754
Dynamic Duo,2285,510192,286
T-ara,93642,14803660,12025
"T-ara, Davichi",549495,93282866,29349
Super Junior-D&E,114213,8780412,8121
Orange Caramel,12760,1563398,776
MBLAQ,12396,633279,1878
Boyfriend,59566,5927509,8993
Infinite,56686,4474356,8057
FTISLAND,22784,3012225,1155
Trouble Maker,1007586,128600940,50000
After School,824,104478,41
ZE:A,2289,217336,213
U-KISS,37957,3967941,6279
Apink,142942,15637689,7407
Rania,36266,5743798,2764
T-ara,222622,47800777,13234
4Minute,69670,14271387,6006
Trax,56249,3131926,6755
T-ara,151200,20466871,14954
Urban Zakapa,5769,1542777,186
Wonder Girls,287177,52119659,57434
Brown Eyed Girls,12484,1132593,1143
FTISLAND,13796,1666030,662
FTISLAND,5942,654636,278
CNBLUE,32855,4634787,1538
FTISLAND,3676,519958,151
FTISLAND,3199,430903,180
FTISLAND,5333,786017,194
Myname,58485,5061782,9445
Noel,17120,5241008,1006
M.I.B,14260,1408289,1132
KARA,19406,2304917,1632
BIGBANG,19198,870185,2213
Girls' Generation,2216747,293867410,272307
SECRET,58530,11211840,6915
Orange Caramel,26700,3875973,2017
C-Real,22967,2111557,3012
FTISLAND,62680,8117769,11448
N-Sonic,8066,604246,786
Boyfriend,88070,9757303,13552
Clover,4031,484048,432
Super Junior,288806,40381583,90130
Infinite,134173,13281018,25396
Brown Eyed Girls,5753,1046981,461
Jewelry S,1349,319216,135
T-ara,4241,606739,311
Brown Eyed Girls,3570,394712,288
Girl's Day,13926,2055134,1433
U-KISS,206680,23344507,48702
ZE:A,6145,550351,832
Davichi,317,20795,22
Super Junior,234089,24380532,27527
Super Junior-M,81045,10187162,10635
Nemesis,708,88837,51
LeeSsang,74519,14083781,2870
9MUSES,22723,2680436,1963
Chocolat,30602,4157490,7571
Dal Shabet,6132,1584904,702
December,368,165514,33
Girls' Generation,147398,19454664,22887
SISTAR,285770,75793101,21288
Sunny Hill,26123,1858739,3065
Super Junior,1896057,227458568,987442
T-ara,364331,68899718,21060
Brave Girls,8190,747225,1277
After School Red,33448,2765239,1931
Teen Top,54463,5322157,4743
2NE1,351308,47523611,41728
Blady,1476,171892,353
2PM,12871,1473197,1225
Infinite,93154,9167602,20850
2NE1,368189,40617730,40322
After School Blue,12781,1220297,1382
2PM,14278,1297290,1079
Jewelry,29,9423,7
miss A,377207,57631597,25700
B1A4,157221,17290254,20537
GP Basic,8818,865392,990
B1A4,75154,9334153,7615
MBLAQ,120883,10948930,22347
The Grace - Dana&Sunday,23519,2479546,3959
ZE:A,16746,2061397,2400
Girls' Generation,102343,7092319,5157
8eight,2984,615898,246
AshGray,13,1121,4
AshGray,402,57445,51
T-ara,173373,25180649,12095
Mighty Mouth,24715,3507646,2285
2NE1,3565143,360694280,256666
Apink,7114,673607,342
M&D,39414,1938612,5744
Block B,46916,4360664,4417
Rainbow,14816,2313337,1353
2PM,686552,84187017,49838
f(x),489323,69000191,41826
KARA,76549,15671776,5599
Apink,15436,1286320,1180
Girl's Day,30296,4575744,2071
Sunny Hill,50623,5388320,5514
SECRET,108985,18447125,11634
Boyfriend,341648,34685389,45421
Daybreak,235,29395,7
FTISLAND,124973,14438677,9693
Urban Zakapa,16814,3376455,833
After School,7490,711912,500
Beast,827376,127976675,61652
Jewelry,101,10967,11
5Dolls,497,30342,24
2NE1,728835,100673923,60971
miss A,41757,6482282,3426
Touch,5197,308864,363
Untouchable,2652,192832,204
SISTAR19,619666,121448492,33996
After School,37703,4711241,2215
After School,81468,13496655,7445
CNBLUE,212743,23439149,13222
Girl's Day,7474,1113126,410
B1A4,97074,9452168,8009
Apink,94791,9614430,5378
f(x),269047,48487212,30094
Super Junior-K.R.Y,28682,1903373,2285
Dal Shabet,3740,297837,263
BIGBANG,460920,63969672,48114
Block B,63016,5644113,9786
KARA,10581,1139641,1043
Rainbow,46391,8007020,4265
Jewelry S,1001,251212,145
Brave Girls,3661,145513,394
Brave Girls,1425,121043,108
4Minute,87152,17284211,8622
Clover,11536,1285528,881
U-KISS,102890,8709428,8737
4Minute,141176,22506265,13914
LPG,734,138382,63
CNBLUE,105772,14276784,5809
F1rst,1003,87810,139
SG Wannabe,655,258514,66
ZE:A,48874,5275724,4290
Infinite,132816,13749189,14851
Girl's Day,127544,19935040,10182
KARA,46000,10266010,3422
TVXQ!,52374,5751836,6892
Teen Top,14497,806928,1874
Song Jieun,180292,16494880,9085
Dal Shabet,21500,2810535,2333
BIGBANG,630500,109486874,63390
5Dolls,3238,390478,314
5Dolls,849,99846,42
Flower,503,88485,43
DMTN,540,24892,31
DMTN,694,29035,57
4Minute,45846,10521126,4035
GD&T.O.P,314118,48355750,23664
Jewelry,5907,1284436,652
TVXQ!,9249,891633,1426
Mighty Mouth,7163,1433577,679
Girls' Generation,73753,11957313,13366
Teen Top,50467,6279181,8468
MBLAQ,65943,7398788,8635
Girls' Generation,51674,3211496,5161
SECRET,73369,8525724,5936
Infinite,53847,3857103,5470
TVXQ!,217490,30563451,33886
MBLAQ,79255,8688720,13882
Untouchable,236,14713,17
TVXQ!,6719,1146165,1036
After School,15131,2779917,1229
AshGray,109,15626,15
Untouchable,1064,90060,59
SISTAR,46297,11896097,3390
2NE1,171713,40513426,24003
T-ara,14125,1656481,1637
T-ara,24202,4371597,931
M.C The Max,1688,755722,138
Gavy NJ,124,50487,9
Untouchable,4705,285389,317
Orange Caramel,34333,4947881,1866
Beast,250293,38347968,22960
2NE1,342780,39442294,35082
U-KISS,34998,3949370,10216
Brown Eyed Girls,24875,3734906,1722
Girl's Day,25439,3851187,2673
2AM,28684,2249248,2633
2AM,14004,1263883,897
Girls' Generation,308010,54905097,35806
4Minute,34479,8151780,4629
SG Wannabe,3200,1126781,208
2PM,197208,37788260,23210
CNBLUE,109869,14089943,4932
SHINee,684867,84793615,79605
Beast,182783,34203529,18069
CNBLUE,65093,7104862,3055
miss A,245034,43233143,19607
2NE1,285517,45954965,27670
2NE1,82351,9108806,6864
2NE1,404849,57674944,36475
Miss S,1034,274416,130
Gavy NJ,1628,571424,84
Trax,26289,1994133,3557
DMTN,451,21352,35
KARA,4216,1277605,455
FTISLAND,59087,10066915,3644
SISTAR,44257,8592759,3673
BIGBANG,161482,31088870,26000
2PM,18838,2952113,2711
Supernova,1564,149609,198
GP Basic,11015,1181443,1822
Rainbow,94882,16786064,5967
9MUSES,22187,2140463,2025
SECRET,41123,4581731,2102
Koyote,525,88831,32
Infinite,48025,5449514,4184
Daybreak,274,46724,17
Teen Top,29651,3659322,4783
Super Junior,869241,120478614,112793
4Minute,113161,29633636,9457
LPG,240,39605,20
miss A,772418,88496467,33051
Girl's Day,5063,702272,359
miss A,36894,8714884,3938
SHINee,1017023,132405939,127872
As One,113,10585,4
Untouchable,1547,143825,114
Koyote,1377,254085,132
Infinite,65510,5700898,6996
Girl's Day,9462,1909459,1844
SISTAR,38859,6557349,2989
SS501,419173,48842532,28079
SS501,18206,1688142,2317
Super Junior,42368,4952107,6440
2AM,5656,373584,412
4Minute,173143,38303792,11042
BIGBANG,275536,52676856,24803
Wonder Girls,29576,6630431,4950
Wonder Girls,17470,3543151,3648
Super Junior,904769,149453889,117623
Brown Eyed Soul,6444,1709960,454
8eight,6845,273152,580
Davichi,182,14631,7
f(x),264540,40134509,20384
2PM,90357,16500361,8581
Brown Eyed Soul,4160,1630849,267
2AM,47262,6135686,4355
SECRET,29980,4239120,2075
ZE:A,20310,2313315,1703
After School,70751,9761907,2077
Girls' Generation,766449,124109784,77906
8eight,550,71584,61
Beast,225203,38228310,16304
T-ara,30602,2583782,1005
T-ara,4801,773707,197
4Men,14,4310,1
2NE1,80572,16925302,12653
Daybreak,531,159680,27
4Men,4,545,0
Trax,13005,1120146,1388
Girls' Generation,870389,145569514,95001
2AM,123815,17688075,8978
Gavy NJ,5992,1151140,661
4Men,20,2792,0
ZE:A,36351,3620466,7373
"Super Junior, Girls' Generation",137665,12528452,12308
FTISLAND,4171,418046,159
FTISLAND,7382,647667,403
FTISLAND,3677,283570,185
Super Junior,119761,9735495,14326
2PM,3183,357054,330
Clazziquai Project,2937,415963,191
T-ara,2405,283052,179
T-ara,26864,3978519,1192
LeeSsang,9120,1240502,364
After School,57260,8300566,3478
Super Junior-M,39610,4216141,5139
4Men,9,987,1
Rainbow,8688,1456768,652
2PM,189643,25191715,14329
f(x),159432,19882023,13010
BIGBANG,288474,72570997,27006
Dynamic Duo,15587,3252733,843
4Minute,26247,5921139,2421
FT Triple,5869,580457,424
Mighty Mouth,422,64100,35
Nemesis,260,23444,9
f(x),48604,3078901,3009
Girls' Generation,95015,14614212,7865
SS501,301015,39719201,20145
SHINee,1828679,168898723,126538
Beast,147529,25454859,16238
SECRET,7575,632341,583
T-ara,39665,18682761,2052
LeeSsang,110774,16406667,3685
Clazziquai Project,5187,535997,263
Super Junior-M,189596,41416514,28023
Gavy NJ,142,50717,9
Epik High,10352,1281174,1723
T-ara,76080,15845551,4053
f(x),176487,21175217,14193
4Minute,63928,17503132,5174
TVXQ!,10102,1287350,913
8eight,514,151667,27
Tritops,243,19924,9
Mighty Mouth,2783,566946,261
Cool,565,182895,94
T-ara,24788,3902526,1140
T-ara,3207,243449,143
T-ara,11788,1140100,684
KARA,8943,1889521,732
Wonder Girls,776368,129106622,37259
Brown Eyed Girls,286861,41341195,19682
FTISLAND,53488,6896015,2720
Clazziquai Project,1193,203726,76
2NE1,152621,17589789,12769
BIGBANG,171313,54746542,13386
2PM,13795,2640798,1444
Girls' Generation,618452,85882657,38917
M.C The Max,376,118689,33
4Minute,151834,30333211,10693
8eight,2745,267002,249
Untouchable,506,68561,71
Girls' Generation,26102,6042945,2356
SHINee,120437,11631243,8996
BIGBANG,156442,39295827,13185
Super Junior,302010,43509247,30153
2NE1,255463,54322991,25670
SG Wannabe,1930,624508,170
2PM,207221,32501289,15356
Davichi,4717,942314,386
After School,10003,2201489,770
FTISLAND,6456,671193,308
Epik High,4517,663936,482
BIGBANG & 2NE1,746423,100416980,65241
2AM,8586,1199146,758
J-Walk,614,84506,44
Davichi,121,28066,5
Super Junior,1421900,152274447,50032
Untouchable,438,75643,20
8eight,14546,1284917,928
FTISLAND,14666,1698497,848
U-KISS,1549,88149,177
After School,24615,4718392,2000
Untouchable,1586,238675,176
Girls' Generation,2501837,315219634,247375
Gavy NJ,1502,410671,93
J.Y. Park,8993,1343631,1007
M.C The Max,594,174430,47
Dynamic Duo,246,42647,22
Nell,853,114806,55
TVXQ!,52160,5972509,4503
SS501,213629,26883136,13664
Clazziquai Project,203,34264,11
Clazziquai Project,180,40340,12
Clazziquai Project,1236,123852,93
FTISLAND,4152,466777,203
KARA,1195,352598,145
Super Junior-T,108385,7257379,10215
BIGBANG,49394,10583154,5446
BIGBANG,29695,6614461,566
BIGBANG,31046,4752886,2168
Super Junior,12315,575328,1663
Epik High,24675,5325573,1375
M.C The Max,867,388983,31
Wonder Girls,372485,29244443,16182
TVXQ!,780776,86528490,70643
2PM,54740,7243228,5185
Brown Eyed Girls,20015,5411422,1533
SHINee,87882,7547188,7005
SHINee,108521,7908322,6931
Dynamic Duo,1667,148617,352
FTISLAND,30952,4119195,2115
BIGBANG,1181608,189202580,72689
Super Junior-Happy,15161,1231330,1718
Cool,51,62489,1
SS501,3542,284493,518
2AM,10343,791702,691
Gavy NJ,265,96021,25
Shinhwa,3707,277199,255
Davichi,188,37084,8
SG Wannabe,946,292992,126
8eight,4099,322028,693
Epik High,45572,17619147,3344
J-Walk,2025,235963,196
FTISLAND,3384,258048,227
FTISLAND,2637,206720,131
Super Junior-Happy,15095,1503947,1676
Wonder Girls,10237,1661100,971
Wonder Girls,495978,26742377,41456
Gavy NJ,714,245601,50
V.O.S,3245,682105,289
As One,869,91561,92
Super Junior-M,27337,2044478,3145
SG Wannabe,44601,20310430,3586
Epik High,42011,7225027,3417
Shinhwa,4718,320247,305
SG Wannabe,1415,401653,168
Davichi,1140,159992,27
Nell,23760,794171,1492
Girls' Generation,92283,6574393,4932
SS501,52064,6239855,3947
SS501,130618,12294768,8032
8eight,33820,941865,12844
Davichi,3102,683558,291
Dynamic Duo,286,107769,19
Jewelry,6856,1377216,559
TVXQ!,75076,10948941,6734
Davichi,4374,777308,220
Wonder Girls,5972,3053208,943
Brown Eyed Girls,11222,1438266,863
Girls' Generation,196827,18910304,12020
SG Wannabe,2258,991479,257
Clazziquai Project,867,116952,71
LPG,21,1809,2
Shinhwa,2635,191823,160
FTISLAND,6610,760604,587
SG Wannabe,177,109034,0
BIGBANG,196543,37554141,10774
Super Junior,64513,5281175,6112
Girls' Generation,197642,19058964,9677
Supernova,979,162943,200
J-Walk,1292,288183,166
Tritops,426,92330,53
FTISLAND,5243,632969,485
Super Junior,89394,6853445,10840
Supernova,379,45925,49
Wonder Girls,833360,34620496,30500
Brown Eyed Girls,3334,456626,359
Brown Eyed Girls,1420,144492,118
8eight,5493,220088,1078
BIGBANG,406883,74154086,28808
BIGBANG,65399,5811930,5143
FTISLAND,10275,1381650,1195
Girls' Generation,994707,67072040,67317
The Grace,6719,541238,707
Super Junior,230861,12813939,16960
TVXQ!,3224,288249,191
Clazziquai Project,152,26740,9
M.C The Max,88,18619,4
M.C The Max,162,39071,19
KARA,625,278340,116
FTISLAND,49958,7319670,3958
FTISLAND,5028,597628,283
Dynamic Duo,1494,289311,186
Clazziquai Project,1849,358631,126
SG Wannabe,468,87167,63
M.C The Max,1814,677733,160
Wonder Girls,3525,499431,377
M.C The Max,238,65739,31
Epik High,36293,7434041,2753
Nell,743,80934,43
KARA,7887,1549659,852
Wonder Girls,69513,9328048,5094
SG Wannabe,4681,2227837,520
Shinhwa,1737,124611,62
Epik High,13459,1929772,1015
BIGBANG,29904,2981451,1226
As One,199,126265,14
SG Wannabe,2393,515526,507
SS501,18523,1853018,1588
The Grace,21246,936523,2398
TVXQ!,28474,3155350,3487
TVXQ!,116257,9823873,16084
BIGBANG,157750,19440819,9316
BIGBANG,23840,5084701,993
LPG,66,5118,8
Nell,3289,759239,150
Nell,1084,193358,116
BIGBANG,127205,19342216,11171
BIGBANG,24964,3642886,1512
BIGBANG,95421,11975685,7821
Shinhwa,3171,253098,224
Shinhwa,1493,112668,45
TVXQ!,9789,774733,846
Trax,185,21067,16
Trax,323,28654,35
Super Junior,12824,823857,1382
Shinhwa,1797,122978,80
Super Junior,169840,13009332,15818
Brown Eyed Girls,8200,2702888,1156
Shinhwa,3178,236351,212
Clazziquai Project,1803,301231,114
Brown Eyed Girls,1717,181543,127
Super Junior,65094,3102157,5828
"TVXQ, Super Junior",37889,2255049,3382
BIGBANG,69968,8394312,3584
BIGBANG,24720,5120182,2081
Super Junior,81114,5442740,9862
1TYM,2781,254442,193
1TYM,4378,375985,404
Clazziquai Project,1276,179849,72
Clazziquai Project,2702,401297,191
Nemesis,1081,87838,130
TVXQ!,17247,1445674,1886
TVXQ!,10643,1188119,1006
TVXQ!,64676,6162072,6443
TVXQ!,6676,514217,554
LPG,106,8663,19
TVXQ!,16486,1433689,1851
The Grace,3058,246338,267
The Grace,4270,228712,453
Shinhwa,833,75636,37
SG Wannabe,8175,2875367,1935
SG Wannabe,9985,2230200,869
Trax,5288,389657,988
TVXQ!,20367,1334181,1850
Clazziquai Project,1765,269965,169
Jinusean,22446,2408365,2220
TVXQ!,8614,697760,739
TVXQ!,35075,2384539,4381
TVXQ!,10887,871099,1086
Shinhwa,15461,1665170,1031
Shinhwa,3812,319147,284
Shinhwa,1255,100660,61
Shinhwa,3578,280293,356
Shinhwa,3052,243648,186
Shinhwa,2760,210661,214
Epik High,1001,172742,116
Trax,8320,501778,1134
TVXQ!,8177,821485,777
TVXQ!,13847,1423047,1208
Shinhwa,4179,290934,312
Clazziquai Project,1128,203887,109
Clazziquai Project,4555,759490,386
Cool,293,50036,31
Cool,1802,583056,89
Epik High,1614,160498,115
SG Wannabe,6765,1670305,857
SG Wannabe,1182,281805,154
TVXQ!,84665,5934599,8867
Shinhwa,3423,233153,312
1TYM,1692,193846,121
1TYM,1425,128121,118
1TYM,31323,2366008,2166
1TYM,21248,3166766,2026
Cool,541,162378,43
Cool,447,92674,103
Cool,334,81240,36
Cool,358,87775,30
1TYM,886,91233,69
1TYM,919,100775,65
1TYM,1245,140278,111
Moon Child,494,154141,91
Jinusean,15580,1666383,1295
H.O.T,182,19226,14
H.O.T,73,6095,6
1TYM,9662,1265545,739
Cool,460,99912,30
Koyote,27703,15917482,3190
Sharp,2175,544950,193
Sharp,600,189593,25
H.O.T,108,16093,11
Jinusean,5034,617678,398
Jinusean,772,143472,76
Koyote,3118,794357,470
Koyote,17304,5034667,1791
Cool,218,40506,22
1TYM,17953,1001615,2553
H.O.T,223,40293,13
H.O.T,466,83428,53
Jinusean,531,70763,58
Jinusean,2780,387522,371
H.O.T,658,83018,83
H.O.T,146,15846,5
Cool,2820,753477,196
H.O.T,1151,283633,207
H.O.T,1679,432543,206
Seo Taiji and Boys,41416,2618159,3948
Seo Taiji and Boys,3718,484956,467
Seo Taiji and Boys,9736,1435433,2447
Seo Taiji and Boys,3895,611695,964
Seo Taiji and Boys,2794,367080,570
Seo Taiji and Boys,6868,1147398,1558
Seo Taiji and Boys,414,51357,34
Seo Taiji and Boys,12035,1598320,1554
Seo Taiji and Boys,1757,148910,158
Seo Taiji and Boys,21444,2619839,2001
Seo Taiji and Boys,1762,259947,168
